Rainfall - (MM), Year, Statistics, Country, ISO3
5.59686, 1901, Jan Average, Saudi Arabia, SAU
5.11901, 1901, Feb Average, Saudi Arabia, SAU
12.4772, 1901, Mar Average, Saudi Arabia, SAU
16.2331, 1901, Apr Average, Saudi Arabia, SAU
11.0131, 1901, May Average, Saudi Arabia, SAU
2.0106, 1901, Jun Average, Saudi Arabia, SAU
3.79186, 1901, Jul Average, Saudi Arabia, SAU
3.68354, 1901, Aug Average, Saudi Arabia, SAU
1.05612, 1901, Sep Average, Saudi Arabia, SAU
2.44571, 1901, Oct Average, Saudi Arabia, SAU
5.96461, 1901, Nov Average, Saudi Arabia, SAU
6.45322, 1901, Dec Average, Saudi Arabia, SAU
4.74094, 1902, Jan Average, Saudi Arabia, SAU
4.32512, 1902, Feb Average, Saudi Arabia, SAU
9.7055, 1902, Mar Average, Saudi Arabia, SAU
16.5416, 1902, Apr Average, Saudi Arabia, SAU
8.00663, 1902, May Average, Saudi Arabia, SAU
2.08155, 1902, Jun Average, Saudi Arabia, SAU
3.76539, 1902, Jul Average, Saudi Arabia, SAU
3.44008, 1902, Aug Average, Saudi Arabia, SAU
1.17793, 1902, Sep Average, Saudi Arabia, SAU
3.68002, 1902, Oct Average, Saudi Arabia, SAU
8.64898, 1902, Nov Average, Saudi Arabia, SAU
6.23788, 1902, Dec Average, Saudi Arabia, SAU
7.33724, 1903, Jan Average, Saudi Arabia, SAU
8.56881, 1903, Feb Average, Saudi Arabia, SAU
10.7871, 1903, Mar Average, Saudi Arabia, SAU
17.1361, 1903, Apr Average, Saudi Arabia, SAU
8.56771, 1903, May Average, Saudi Arabia, SAU
2.43016, 1903, Jun Average, Saudi Arabia, SAU
3.66807, 1903, Jul Average, Saudi Arabia, SAU
3.55759, 1903, Aug Average, Saudi Arabia, SAU
1.05661, 1903, Sep Average, Saudi Arabia, SAU
1.92007, 1903, Oct Average, Saudi Arabia, SAU
5.76129, 1903, Nov Average, Saudi Arabia, SAU
6.46728, 1903, Dec Average, Saudi Arabia, SAU
5.55295, 1904, Jan Average, Saudi Arabia, SAU
4.59553, 1904, Feb Average, Saudi Arabia, SAU
13.6173, 1904, Mar Average, Saudi Arabia, SAU
15.1543, 1904, Apr Average, Saudi Arabia, SAU
11.4117, 1904, May Average, Saudi Arabia, SAU
1.97355, 1904, Jun Average, Saudi Arabia, SAU
3.65873, 1904, Jul Average, Saudi Arabia, SAU
3.44443, 1904, Aug Average, Saudi Arabia, SAU
1.05629, 1904, Sep Average, Saudi Arabia, SAU
2.58525, 1904, Oct Average, Saudi Arabia, SAU
6.35778, 1904, Nov Average, Saudi Arabia, SAU
5.78621, 1904, Dec Average, Saudi Arabia, SAU
5.5007, 1905, Jan Average, Saudi Arabia, SAU
6.27455, 1905, Feb Average, Saudi Arabia, SAU
12.589, 1905, Mar Average, Saudi Arabia, SAU
14.7314, 1905, Apr Average, Saudi Arabia, SAU
8.56747, 1905, May Average, Saudi Arabia, SAU
1.97602, 1905, Jun Average, Saudi Arabia, SAU
3.65851, 1905, Jul Average, Saudi Arabia, SAU
3.44463, 1905, Aug Average, Saudi Arabia, SAU
1.19025, 1905, Sep Average, Saudi Arabia, SAU
2.07644, 1905, Oct Average, Saudi Arabia, SAU
5.77886, 1905, Nov Average, Saudi Arabia, SAU
7.32461, 1905, Dec Average, Saudi Arabia, SAU
5.71632, 1906, Jan Average, Saudi Arabia, SAU
7.62807, 1906, Feb Average, Saudi Arabia, SAU
14.9372, 1906, Mar Average, Saudi Arabia, SAU
16.0843, 1906, Apr Average, Saudi Arabia, SAU
11.1536, 1906, May Average, Saudi Arabia, SAU
2.08697, 1906, Jun Average, Saudi Arabia, SAU
3.6601, 1906, Jul Average, Saudi Arabia, SAU
3.74001, 1906, Aug Average, Saudi Arabia, SAU
1.05605, 1906, Sep Average, Saudi Arabia, SAU
1.92545, 1906, Oct Average, Saudi Arabia, SAU
7.10116, 1906, Nov Average, Saudi Arabia, SAU
4.50896, 1906, Dec Average, Saudi Arabia, SAU
6.61928, 1907, Jan Average, Saudi Arabia, SAU
9.8362, 1907, Feb Average, Saudi Arabia, SAU
9.24363, 1907, Mar Average, Saudi Arabia, SAU
16.0628, 1907, Apr Average, Saudi Arabia, SAU
8.41462, 1907, May Average, Saudi Arabia, SAU
2.01128, 1907, Jun Average, Saudi Arabia, SAU
3.77236, 1907, Jul Average, Saudi Arabia, SAU
4.09749, 1907, Aug Average, Saudi Arabia, SAU
0.95569, 1907, Sep Average, Saudi Arabia, SAU
1.90342, 1907, Oct Average, Saudi Arabia, SAU
6.48357, 1907, Nov Average, Saudi Arabia, SAU
5.05095, 1907, Dec Average, Saudi Arabia, SAU
6.84494, 1908, Jan Average, Saudi Arabia, SAU
4.80576, 1908, Feb Average, Saudi Arabia, SAU
11.0124, 1908, Mar Average, Saudi Arabia, SAU
15.5274, 1908, Apr Average, Saudi Arabia, SAU
11.2633, 1908, May Average, Saudi Arabia, SAU
2.03383, 1908, Jun Average, Saudi Arabia, SAU
3.67861, 1908, Jul Average, Saudi Arabia, SAU
3.43374, 1908, Aug Average, Saudi Arabia, SAU
1.1261, 1908, Sep Average, Saudi Arabia, SAU
1.81635, 1908, Oct Average, Saudi Arabia, SAU
5.92457, 1908, Nov Average, Saudi Arabia, SAU
5.35696, 1908, Dec Average, Saudi Arabia, SAU
6.40568, 1909, Jan Average, Saudi Arabia, SAU
4.04009, 1909, Feb Average, Saudi Arabia, SAU
10.9643, 1909, Mar Average, Saudi Arabia, SAU
23.3375, 1909, Apr Average, Saudi Arabia, SAU
11.8884, 1909, May Average, Saudi Arabia, SAU
2.0321, 1909, Jun Average, Saudi Arabia, SAU
3.74455, 1909, Jul Average, Saudi Arabia, SAU
3.54971, 1909, Aug Average, Saudi Arabia, SAU
1.1343, 1909, Sep Average, Saudi Arabia, SAU
2.33789, 1909, Oct Average, Saudi Arabia, SAU
8.04903, 1909, Nov Average, Saudi Arabia, SAU
7.91629, 1909, Dec Average, Saudi Arabia, SAU
6.93965, 1910, Jan Average, Saudi Arabia, SAU
4.38157, 1910, Feb Average, Saudi Arabia, SAU
12.7029, 1910, Mar Average, Saudi Arabia, SAU
14.8075, 1910, Apr Average, Saudi Arabia, SAU
9.54227, 1910, May Average, Saudi Arabia, SAU
1.97524, 1910, Jun Average, Saudi Arabia, SAU
3.65177, 1910, Jul Average, Saudi Arabia, SAU
4.18933, 1910, Aug Average, Saudi Arabia, SAU
1.05605, 1910, Sep Average, Saudi Arabia, SAU
2.10836, 1910, Oct Average, Saudi Arabia, SAU
5.79247, 1910, Nov Average, Saudi Arabia, SAU
5.92972, 1910, Dec Average, Saudi Arabia, SAU
6.02855, 1911, Jan Average, Saudi Arabia, SAU
5.52915, 1911, Feb Average, Saudi Arabia, SAU
21.1829, 1911, Mar Average, Saudi Arabia, SAU
15.5978, 1911, Apr Average, Saudi Arabia, SAU
7.9329, 1911, May Average, Saudi Arabia, SAU
1.97354, 1911, Jun Average, Saudi Arabia, SAU
4.32155, 1911, Jul Average, Saudi Arabia, SAU
3.43298, 1911, Aug Average, Saudi Arabia, SAU
1.05643, 1911, Sep Average, Saudi Arabia, SAU
2.39111, 1911, Oct Average, Saudi Arabia, SAU
9.63967, 1911, Nov Average, Saudi Arabia, SAU
6.20619, 1911, Dec Average, Saudi Arabia, SAU
7.24772, 1912, Jan Average, Saudi Arabia, SAU
6.39994, 1912, Feb Average, Saudi Arabia, SAU
11.283, 1912, Mar Average, Saudi Arabia, SAU
23.5343, 1912, Apr Average, Saudi Arabia, SAU
9.24041, 1912, May Average, Saudi Arabia, SAU
1.95927, 1912, Jun Average, Saudi Arabia, SAU
3.74418, 1912, Jul Average, Saudi Arabia, SAU
3.79128, 1912, Aug Average, Saudi Arabia, SAU
1.05607, 1912, Sep Average, Saudi Arabia, SAU
2.61016, 1912, Oct Average, Saudi Arabia, SAU
6.27271, 1912, Nov Average, Saudi Arabia, SAU
12.6597, 1912, Dec Average, Saudi Arabia, SAU
6.09337, 1913, Jan Average, Saudi Arabia, SAU
10.923, 1913, Feb Average, Saudi Arabia, SAU
11.2494, 1913, Mar Average, Saudi Arabia, SAU
14.9496, 1913, Apr Average, Saudi Arabia, SAU
9.38878, 1913, May Average, Saudi Arabia, SAU
1.97673, 1913, Jun Average, Saudi Arabia, SAU
3.89793, 1913, Jul Average, Saudi Arabia, SAU
4.09617, 1913, Aug Average, Saudi Arabia, SAU
1.01143, 1913, Sep Average, Saudi Arabia, SAU
2.32247, 1913, Oct Average, Saudi Arabia, SAU
6.0372, 1913, Nov Average, Saudi Arabia, SAU
7.67512, 1913, Dec Average, Saudi Arabia, SAU
6.37202, 1914, Jan Average, Saudi Arabia, SAU
6.89265, 1914, Feb Average, Saudi Arabia, SAU
11.8623, 1914, Mar Average, Saudi Arabia, SAU
19.0689, 1914, Apr Average, Saudi Arabia, SAU
8.61177, 1914, May Average, Saudi Arabia, SAU
2.03826, 1914, Jun Average, Saudi Arabia, SAU
4.41585, 1914, Jul Average, Saudi Arabia, SAU
3.72394, 1914, Aug Average, Saudi Arabia, SAU
1.01149, 1914, Sep Average, Saudi Arabia, SAU
2.36398, 1914, Oct Average, Saudi Arabia, SAU
7.90285, 1914, Nov Average, Saudi Arabia, SAU
5.98866, 1914, Dec Average, Saudi Arabia, SAU
5.75499, 1915, Jan Average, Saudi Arabia, SAU
6.25904, 1915, Feb Average, Saudi Arabia, SAU
15.4976, 1915, Mar Average, Saudi Arabia, SAU
19.4775, 1915, Apr Average, Saudi Arabia, SAU
9.51132, 1915, May Average, Saudi Arabia, SAU
1.97354, 1915, Jun Average, Saudi Arabia, SAU
3.78859, 1915, Jul Average, Saudi Arabia, SAU
3.4285, 1915, Aug Average, Saudi Arabia, SAU
1.01149, 1915, Sep Average, Saudi Arabia, SAU
1.94337, 1915, Oct Average, Saudi Arabia, SAU
6.06905, 1915, Nov Average, Saudi Arabia, SAU
5.46085, 1915, Dec Average, Saudi Arabia, SAU
6.56114, 1916, Jan Average, Saudi Arabia, SAU
6.27889, 1916, Feb Average, Saudi Arabia, SAU
12.3814, 1916, Mar Average, Saudi Arabia, SAU
17.9594, 1916, Apr Average, Saudi Arabia, SAU
8.39612, 1916, May Average, Saudi Arabia, SAU
2.03211, 1916, Jun Average, Saudi Arabia, SAU
4.22042, 1916, Jul Average, Saudi Arabia, SAU
4.01088, 1916, Aug Average, Saudi Arabia, SAU
1.05821, 1916, Sep Average, Saudi Arabia, SAU
1.98356, 1916, Oct Average, Saudi Arabia, SAU
7.61136, 1916, Nov Average, Saudi Arabia, SAU
6.36494, 1916, Dec Average, Saudi Arabia, SAU
6.97813, 1917, Jan Average, Saudi Arabia, SAU
6.99952, 1917, Feb Average, Saudi Arabia, SAU
10.6647, 1917, Mar Average, Saudi Arabia, SAU
18.8296, 1917, Apr Average, Saudi Arabia, SAU
8.43919, 1917, May Average, Saudi Arabia, SAU
2.03211, 1917, Jun Average, Saudi Arabia, SAU
3.97997, 1917, Jul Average, Saudi Arabia, SAU
3.61993, 1917, Aug Average, Saudi Arabia, SAU
1.53238, 1917, Sep Average, Saudi Arabia, SAU
2.45687, 1917, Oct Average, Saudi Arabia, SAU
5.83849, 1917, Nov Average, Saudi Arabia, SAU
6.35827, 1917, Dec Average, Saudi Arabia, SAU
6.23574, 1918, Jan Average, Saudi Arabia, SAU
6.09269, 1918, Feb Average, Saudi Arabia, SAU
13.3086, 1918, Mar Average, Saudi Arabia, SAU
16.7916, 1918, Apr Average, Saudi Arabia, SAU
11.2781, 1918, May Average, Saudi Arabia, SAU
2.03352, 1918, Jun Average, Saudi Arabia, SAU
3.98472, 1918, Jul Average, Saudi Arabia, SAU
3.66398, 1918, Aug Average, Saudi Arabia, SAU
1.53224, 1918, Sep Average, Saudi Arabia, SAU
3.07805, 1918, Oct Average, Saudi Arabia, SAU
6.75354, 1918, Nov Average, Saudi Arabia, SAU
6.2918, 1918, Dec Average, Saudi Arabia, SAU
7.02412, 1919, Jan Average, Saudi Arabia, SAU
6.58099, 1919, Feb Average, Saudi Arabia, SAU
11.1681, 1919, Mar Average, Saudi Arabia, SAU
18.7603, 1919, Apr Average, Saudi Arabia, SAU
9.26511, 1919, May Average, Saudi Arabia, SAU
2.03423, 1919, Jun Average, Saudi Arabia, SAU
3.98453, 1919, Jul Average, Saudi Arabia, SAU
3.61642, 1919, Aug Average, Saudi Arabia, SAU
1.05831, 1919, Sep Average, Saudi Arabia, SAU
2.01577, 1919, Oct Average, Saudi Arabia, SAU
6.11489, 1919, Nov Average, Saudi Arabia, SAU
5.64676, 1919, Dec Average, Saudi Arabia, SAU
7.1733, 1920, Jan Average, Saudi Arabia, SAU
8.22867, 1920, Feb Average, Saudi Arabia, SAU
13.3587, 1920, Mar Average, Saudi Arabia, SAU
17.0787, 1920, Apr Average, Saudi Arabia, SAU
9.36378, 1920, May Average, Saudi Arabia, SAU
2.0321, 1920, Jun Average, Saudi Arabia, SAU
4.00456, 1920, Jul Average, Saudi Arabia, SAU
3.98145, 1920, Aug Average, Saudi Arabia, SAU
1.05824, 1920, Sep Average, Saudi Arabia, SAU
2.00002, 1920, Oct Average, Saudi Arabia, SAU
6.48419, 1920, Nov Average, Saudi Arabia, SAU
7.18324, 1920, Dec Average, Saudi Arabia, SAU
6.02903, 1921, Jan Average, Saudi Arabia, SAU
7.0322, 1921, Feb Average, Saudi Arabia, SAU
11.0361, 1921, Mar Average, Saudi Arabia, SAU
15.5488, 1921, Apr Average, Saudi Arabia, SAU
10.4258, 1921, May Average, Saudi Arabia, SAU
2.09432, 1921, Jun Average, Saudi Arabia, SAU
3.94275, 1921, Jul Average, Saudi Arabia, SAU
3.57272, 1921, Aug Average, Saudi Arabia, SAU
1.03696, 1921, Sep Average, Saudi Arabia, SAU
1.95013, 1921, Oct Average, Saudi Arabia, SAU
6.92385, 1921, Nov Average, Saudi Arabia, SAU
6.07081, 1921, Dec Average, Saudi Arabia, SAU
5.91801, 1922, Jan Average, Saudi Arabia, SAU
6.04451, 1922, Feb Average, Saudi Arabia, SAU
10.93, 1922, Mar Average, Saudi Arabia, SAU
16.4555, 1922, Apr Average, Saudi Arabia, SAU
8.60106, 1922, May Average, Saudi Arabia, SAU
1.93111, 1922, Jun Average, Saudi Arabia, SAU
3.86535, 1922, Jul Average, Saudi Arabia, SAU
3.55245, 1922, Aug Average, Saudi Arabia, SAU
1.03698, 1922, Sep Average, Saudi Arabia, SAU
2.02616, 1922, Oct Average, Saudi Arabia, SAU
5.7682, 1922, Nov Average, Saudi Arabia, SAU
5.74366, 1922, Dec Average, Saudi Arabia, SAU
6.55365, 1923, Jan Average, Saudi Arabia, SAU
5.69805, 1923, Feb Average, Saudi Arabia, SAU
12.8595, 1923, Mar Average, Saudi Arabia, SAU
18.0412, 1923, Apr Average, Saudi Arabia, SAU
8.51423, 1923, May Average, Saudi Arabia, SAU
1.91923, 1923, Jun Average, Saudi Arabia, SAU
4.22382, 1923, Jul Average, Saudi Arabia, SAU
3.85508, 1923, Aug Average, Saudi Arabia, SAU
1.03742, 1923, Sep Average, Saudi Arabia, SAU
2.61549, 1923, Oct Average, Saudi Arabia, SAU
8.1338, 1923, Nov Average, Saudi Arabia, SAU
7.40523, 1923, Dec Average, Saudi Arabia, SAU
8.42531, 1924, Jan Average, Saudi Arabia, SAU
6.35596, 1924, Feb Average, Saudi Arabia, SAU
10.8693, 1924, Mar Average, Saudi Arabia, SAU
15.0608, 1924, Apr Average, Saudi Arabia, SAU
8.60999, 1924, May Average, Saudi Arabia, SAU
1.924, 1924, Jun Average, Saudi Arabia, SAU
4.23746, 1924, Jul Average, Saudi Arabia, SAU
3.47098, 1924, Aug Average, Saudi Arabia, SAU
1.03698, 1924, Sep Average, Saudi Arabia, SAU
3.79421, 1924, Oct Average, Saudi Arabia, SAU
7.89216, 1924, Nov Average, Saudi Arabia, SAU
5.7551, 1924, Dec Average, Saudi Arabia, SAU
6.03938, 1925, Jan Average, Saudi Arabia, SAU
5.80729, 1925, Feb Average, Saudi Arabia, SAU
10.4534, 1925, Mar Average, Saudi Arabia, SAU
17.1329, 1925, Apr Average, Saudi Arabia, SAU
9.28307, 1925, May Average, Saudi Arabia, SAU
3.05202, 1925, Jun Average, Saudi Arabia, SAU
3.97361, 1925, Jul Average, Saudi Arabia, SAU
3.68227, 1925, Aug Average, Saudi Arabia, SAU
1.03705, 1925, Sep Average, Saudi Arabia, SAU
2.09778, 1925, Oct Average, Saudi Arabia, SAU
8.41897, 1925, Nov Average, Saudi Arabia, SAU
5.19955, 1925, Dec Average, Saudi Arabia, SAU
6.2538, 1926, Jan Average, Saudi Arabia, SAU
6.33086, 1926, Feb Average, Saudi Arabia, SAU
12.6209, 1926, Mar Average, Saudi Arabia, SAU
15.3485, 1926, Apr Average, Saudi Arabia, SAU
9.33217, 1926, May Average, Saudi Arabia, SAU
2.64453, 1926, Jun Average, Saudi Arabia, SAU
3.80733, 1926, Jul Average, Saudi Arabia, SAU
3.5534, 1926, Aug Average, Saudi Arabia, SAU
1.02661, 1926, Sep Average, Saudi Arabia, SAU
2.0475, 1926, Oct Average, Saudi Arabia, SAU
6.30115, 1926, Nov Average, Saudi Arabia, SAU
6.12663, 1926, Dec Average, Saudi Arabia, SAU
5.35113, 1927, Jan Average, Saudi Arabia, SAU
6.53117, 1927, Feb Average, Saudi Arabia, SAU
10.1801, 1927, Mar Average, Saudi Arabia, SAU
15.9235, 1927, Apr Average, Saudi Arabia, SAU
7.93119, 1927, May Average, Saudi Arabia, SAU
1.86003, 1927, Jun Average, Saudi Arabia, SAU
4.34972, 1927, Jul Average, Saudi Arabia, SAU
3.32578, 1927, Aug Average, Saudi Arabia, SAU
0.99049, 1927, Sep Average, Saudi Arabia, SAU
1.94101, 1927, Oct Average, Saudi Arabia, SAU
6.09163, 1927, Nov Average, Saudi Arabia, SAU
6.60399, 1927, Dec Average, Saudi Arabia, SAU
5.78163, 1928, Jan Average, Saudi Arabia, SAU
5.29632, 1928, Feb Average, Saudi Arabia, SAU
9.39679, 1928, Mar Average, Saudi Arabia, SAU
13.0979, 1928, Apr Average, Saudi Arabia, SAU
7.25661, 1928, May Average, Saudi Arabia, SAU
1.86003, 1928, Jun Average, Saudi Arabia, SAU
3.53787, 1928, Jul Average, Saudi Arabia, SAU
3.36118, 1928, Aug Average, Saudi Arabia, SAU
1.02659, 1928, Sep Average, Saudi Arabia, SAU
1.82443, 1928, Oct Average, Saudi Arabia, SAU
7.26324, 1928, Nov Average, Saudi Arabia, SAU
7.26611, 1928, Dec Average, Saudi Arabia, SAU
5.3614, 1929, Jan Average, Saudi Arabia, SAU
6.65793, 1929, Feb Average, Saudi Arabia, SAU
9.49679, 1929, Mar Average, Saudi Arabia, SAU
23.9746, 1929, Apr Average, Saudi Arabia, SAU
7.28219, 1929, May Average, Saudi Arabia, SAU
1.86474, 1929, Jun Average, Saudi Arabia, SAU
4.2562, 1929, Jul Average, Saudi Arabia, SAU
3.32706, 1929, Aug Average, Saudi Arabia, SAU
0.9904, 1929, Sep Average, Saudi Arabia, SAU
1.6952, 1929, Oct Average, Saudi Arabia, SAU
6.33028, 1929, Nov Average, Saudi Arabia, SAU
10.527, 1929, Dec Average, Saudi Arabia, SAU
6.51868, 1930, Jan Average, Saudi Arabia, SAU
4.56981, 1930, Feb Average, Saudi Arabia, SAU
9.0288, 1930, Mar Average, Saudi Arabia, SAU
15.1024, 1930, Apr Average, Saudi Arabia, SAU
7.21314, 1930, May Average, Saudi Arabia, SAU
1.8594, 1930, Jun Average, Saudi Arabia, SAU
3.55643, 1930, Jul Average, Saudi Arabia, SAU
5.4942, 1930, Aug Average, Saudi Arabia, SAU
1.30233, 1930, Sep Average, Saudi Arabia, SAU
1.83093, 1930, Oct Average, Saudi Arabia, SAU
5.47927, 1930, Nov Average, Saudi Arabia, SAU
7.04938, 1930, Dec Average, Saudi Arabia, SAU
7.60336, 1931, Jan Average, Saudi Arabia, SAU
11.4729, 1931, Feb Average, Saudi Arabia, SAU
9.02825, 1931, Mar Average, Saudi Arabia, SAU
17.6614, 1931, Apr Average, Saudi Arabia, SAU
7.53868, 1931, May Average, Saudi Arabia, SAU
1.93604, 1931, Jun Average, Saudi Arabia, SAU
3.59251, 1931, Jul Average, Saudi Arabia, SAU
3.72639, 1931, Aug Average, Saudi Arabia, SAU
1.6309, 1931, Sep Average, Saudi Arabia, SAU
1.78834, 1931, Oct Average, Saudi Arabia, SAU
6.02097, 1931, Nov Average, Saudi Arabia, SAU
5.5056, 1931, Dec Average, Saudi Arabia, SAU
5.02696, 1932, Jan Average, Saudi Arabia, SAU
4.61941, 1932, Feb Average, Saudi Arabia, SAU
13.5395, 1932, Mar Average, Saudi Arabia, SAU
13.4089, 1932, Apr Average, Saudi Arabia, SAU
11.9539, 1932, May Average, Saudi Arabia, SAU
1.92516, 1932, Jun Average, Saudi Arabia, SAU
3.93192, 1932, Jul Average, Saudi Arabia, SAU
6.51566, 1932, Aug Average, Saudi Arabia, SAU
1.05102, 1932, Sep Average, Saudi Arabia, SAU
1.87737, 1932, Oct Average, Saudi Arabia, SAU
5.57796, 1932, Nov Average, Saudi Arabia, SAU
11.2469, 1932, Dec Average, Saudi Arabia, SAU
6.41326, 1933, Jan Average, Saudi Arabia, SAU
5.68523, 1933, Feb Average, Saudi Arabia, SAU
9.84603, 1933, Mar Average, Saudi Arabia, SAU
18.8633, 1933, Apr Average, Saudi Arabia, SAU
9.31936, 1933, May Average, Saudi Arabia, SAU
1.9528, 1933, Jun Average, Saudi Arabia, SAU
4.1554, 1933, Jul Average, Saudi Arabia, SAU
4.5346, 1933, Aug Average, Saudi Arabia, SAU
1.19258, 1933, Sep Average, Saudi Arabia, SAU
2.04052, 1933, Oct Average, Saudi Arabia, SAU
6.11992, 1933, Nov Average, Saudi Arabia, SAU
4.43871, 1933, Dec Average, Saudi Arabia, SAU
5.27416, 1934, Jan Average, Saudi Arabia, SAU
5.70041, 1934, Feb Average, Saudi Arabia, SAU
16.2033, 1934, Mar Average, Saudi Arabia, SAU
15.9856, 1934, Apr Average, Saudi Arabia, SAU
7.56725, 1934, May Average, Saudi Arabia, SAU
2.25302, 1934, Jun Average, Saudi Arabia, SAU
4.0166, 1934, Jul Average, Saudi Arabia, SAU
3.46842, 1934, Aug Average, Saudi Arabia, SAU
0.93528, 1934, Sep Average, Saudi Arabia, SAU
1.68473, 1934, Oct Average, Saudi Arabia, SAU
8.98669, 1934, Nov Average, Saudi Arabia, SAU
8.55824, 1934, Dec Average, Saudi Arabia, SAU
5.15034, 1935, Jan Average, Saudi Arabia, SAU
8.34707, 1935, Feb Average, Saudi Arabia, SAU
10.7252, 1935, Mar Average, Saudi Arabia, SAU
15.4223, 1935, Apr Average, Saudi Arabia, SAU
9.96998, 1935, May Average, Saudi Arabia, SAU
1.92516, 1935, Jun Average, Saudi Arabia, SAU
3.64953, 1935, Jul Average, Saudi Arabia, SAU
4.16766, 1935, Aug Average, Saudi Arabia, SAU
0.911, 1935, Sep Average, Saudi Arabia, SAU
2.29591, 1935, Oct Average, Saudi Arabia, SAU
8.20319, 1935, Nov Average, Saudi Arabia, SAU
8.72234, 1935, Dec Average, Saudi Arabia, SAU
6.18561, 1936, Jan Average, Saudi Arabia, SAU
5.25111, 1936, Feb Average, Saudi Arabia, SAU
12.7571, 1936, Mar Average, Saudi Arabia, SAU
14.4155, 1936, Apr Average, Saudi Arabia, SAU
10.5345, 1936, May Average, Saudi Arabia, SAU
1.85941, 1936, Jun Average, Saudi Arabia, SAU
3.564, 1936, Jul Average, Saudi Arabia, SAU
6.30436, 1936, Aug Average, Saudi Arabia, SAU
0.89267, 1936, Sep Average, Saudi Arabia, SAU
2.18818, 1936, Oct Average, Saudi Arabia, SAU
7.83301, 1936, Nov Average, Saudi Arabia, SAU
6.24387, 1936, Dec Average, Saudi Arabia, SAU
7.31873, 1937, Jan Average, Saudi Arabia, SAU
5.85164, 1937, Feb Average, Saudi Arabia, SAU
11.487, 1937, Mar Average, Saudi Arabia, SAU
15.1753, 1937, Apr Average, Saudi Arabia, SAU
7.44979, 1937, May Average, Saudi Arabia, SAU
1.88898, 1937, Jun Average, Saudi Arabia, SAU
3.55307, 1937, Jul Average, Saudi Arabia, SAU
3.51603, 1937, Aug Average, Saudi Arabia, SAU
0.88044, 1937, Sep Average, Saudi Arabia, SAU
3.11791, 1937, Oct Average, Saudi Arabia, SAU
11.403, 1937, Nov Average, Saudi Arabia, SAU
4.18896, 1937, Dec Average, Saudi Arabia, SAU
6.08607, 1938, Jan Average, Saudi Arabia, SAU
7.84342, 1938, Feb Average, Saudi Arabia, SAU
9.37138, 1938, Mar Average, Saudi Arabia, SAU
14.5216, 1938, Apr Average, Saudi Arabia, SAU
8.37492, 1938, May Average, Saudi Arabia, SAU
1.85941, 1938, Jun Average, Saudi Arabia, SAU
5.27075, 1938, Jul Average, Saudi Arabia, SAU
3.30258, 1938, Aug Average, Saudi Arabia, SAU
0.98568, 1938, Sep Average, Saudi Arabia, SAU
1.76959, 1938, Oct Average, Saudi Arabia, SAU
6.86411, 1938, Nov Average, Saudi Arabia, SAU
7.7909, 1938, Dec Average, Saudi Arabia, SAU
5.87368, 1939, Jan Average, Saudi Arabia, SAU
6.36581, 1939, Feb Average, Saudi Arabia, SAU
12.9368, 1939, Mar Average, Saudi Arabia, SAU
22.6125, 1939, Apr Average, Saudi Arabia, SAU
7.42711, 1939, May Average, Saudi Arabia, SAU
1.89295, 1939, Jun Average, Saudi Arabia, SAU
3.65093, 1939, Jul Average, Saudi Arabia, SAU
3.12793, 1939, Aug Average, Saudi Arabia, SAU
0.90801, 1939, Sep Average, Saudi Arabia, SAU
2.01623, 1939, Oct Average, Saudi Arabia, SAU
7.70227, 1939, Nov Average, Saudi Arabia, SAU
6.69507, 1939, Dec Average, Saudi Arabia, SAU
5.80699, 1940, Jan Average, Saudi Arabia, SAU
4.849, 1940, Feb Average, Saudi Arabia, SAU
10.7629, 1940, Mar Average, Saudi Arabia, SAU
15.4949, 1940, Apr Average, Saudi Arabia, SAU
8.71062, 1940, May Average, Saudi Arabia, SAU
1.88704, 1940, Jun Average, Saudi Arabia, SAU
3.93964, 1940, Jul Average, Saudi Arabia, SAU
3.32444, 1940, Aug Average, Saudi Arabia, SAU
0.94449, 1940, Sep Average, Saudi Arabia, SAU
2.25124, 1940, Oct Average, Saudi Arabia, SAU
7.91428, 1940, Nov Average, Saudi Arabia, SAU
5.13189, 1940, Dec Average, Saudi Arabia, SAU
4.16516, 1941, Jan Average, Saudi Arabia, SAU
5.61366, 1941, Feb Average, Saudi Arabia, SAU
12.7401, 1941, Mar Average, Saudi Arabia, SAU
21.814, 1941, Apr Average, Saudi Arabia, SAU
9.58097, 1941, May Average, Saudi Arabia, SAU
1.88586, 1941, Jun Average, Saudi Arabia, SAU
3.61265, 1941, Jul Average, Saudi Arabia, SAU
2.90609, 1941, Aug Average, Saudi Arabia, SAU
0.93828, 1941, Sep Average, Saudi Arabia, SAU
1.899, 1941, Oct Average, Saudi Arabia, SAU
5.32246, 1941, Nov Average, Saudi Arabia, SAU
4.44065, 1941, Dec Average, Saudi Arabia, SAU
3.01965, 1942, Jan Average, Saudi Arabia, SAU
11.3891, 1942, Feb Average, Saudi Arabia, SAU
7.28878, 1942, Mar Average, Saudi Arabia, SAU
16.3116, 1942, Apr Average, Saudi Arabia, SAU
10.6308, 1942, May Average, Saudi Arabia, SAU
1.88473, 1942, Jun Average, Saudi Arabia, SAU
4.5517, 1942, Jul Average, Saudi Arabia, SAU
2.92749, 1942, Aug Average, Saudi Arabia, SAU
1.06361, 1942, Sep Average, Saudi Arabia, SAU
2.66459, 1942, Oct Average, Saudi Arabia, SAU
4.34952, 1942, Nov Average, Saudi Arabia, SAU
5.09094, 1942, Dec Average, Saudi Arabia, SAU
5.50757, 1943, Jan Average, Saudi Arabia, SAU
4.38679, 1943, Feb Average, Saudi Arabia, SAU
17.1559, 1943, Mar Average, Saudi Arabia, SAU
11.3649, 1943, Apr Average, Saudi Arabia, SAU
6.83912, 1943, May Average, Saudi Arabia, SAU
1.77052, 1943, Jun Average, Saudi Arabia, SAU
4.54349, 1943, Jul Average, Saudi Arabia, SAU
4.58626, 1943, Aug Average, Saudi Arabia, SAU
0.89777, 1943, Sep Average, Saudi Arabia, SAU
1.84507, 1943, Oct Average, Saudi Arabia, SAU
4.14551, 1943, Nov Average, Saudi Arabia, SAU
7.96396, 1943, Dec Average, Saudi Arabia, SAU
3.61557, 1944, Jan Average, Saudi Arabia, SAU
2.7873, 1944, Feb Average, Saudi Arabia, SAU
6.6338, 1944, Mar Average, Saudi Arabia, SAU
11.2581, 1944, Apr Average, Saudi Arabia, SAU
10.4857, 1944, May Average, Saudi Arabia, SAU
1.79024, 1944, Jun Average, Saudi Arabia, SAU
3.67136, 1944, Jul Average, Saudi Arabia, SAU
2.73526, 1944, Aug Average, Saudi Arabia, SAU
0.81248, 1944, Sep Average, Saudi Arabia, SAU
1.2032, 1944, Oct Average, Saudi Arabia, SAU
9.08007, 1944, Nov Average, Saudi Arabia, SAU
11.8661, 1944, Dec Average, Saudi Arabia, SAU
8.1565, 1945, Jan Average, Saudi Arabia, SAU
4.6383, 1945, Feb Average, Saudi Arabia, SAU
9.73626, 1945, Mar Average, Saudi Arabia, SAU
12.8518, 1945, Apr Average, Saudi Arabia, SAU
10.9161, 1945, May Average, Saudi Arabia, SAU
1.67687, 1945, Jun Average, Saudi Arabia, SAU
3.50015, 1945, Jul Average, Saudi Arabia, SAU
3.66644, 1945, Aug Average, Saudi Arabia, SAU
0.85557, 1945, Sep Average, Saudi Arabia, SAU
2.87772, 1945, Oct Average, Saudi Arabia, SAU
8.50477, 1945, Nov Average, Saudi Arabia, SAU
6.0637, 1945, Dec Average, Saudi Arabia, SAU
5.58922, 1946, Jan Average, Saudi Arabia, SAU
4.97912, 1946, Feb Average, Saudi Arabia, SAU
14.0766, 1946, Mar Average, Saudi Arabia, SAU
15.544, 1946, Apr Average, Saudi Arabia, SAU
8.20478, 1946, May Average, Saudi Arabia, SAU
1.65286, 1946, Jun Average, Saudi Arabia, SAU
3.60961, 1946, Jul Average, Saudi Arabia, SAU
3.35433, 1946, Aug Average, Saudi Arabia, SAU
1.07054, 1946, Sep Average, Saudi Arabia, SAU
1.77018, 1946, Oct Average, Saudi Arabia, SAU
6.95992, 1946, Nov Average, Saudi Arabia, SAU
4.5335, 1946, Dec Average, Saudi Arabia, SAU
6.61191, 1947, Jan Average, Saudi Arabia, SAU
5.03357, 1947, Feb Average, Saudi Arabia, SAU
10.9624, 1947, Mar Average, Saudi Arabia, SAU
12.3776, 1947, Apr Average, Saudi Arabia, SAU
12.7404, 1947, May Average, Saudi Arabia, SAU
1.78017, 1947, Jun Average, Saudi Arabia, SAU
3.68806, 1947, Jul Average, Saudi Arabia, SAU
3.41232, 1947, Aug Average, Saudi Arabia, SAU
1.5454, 1947, Sep Average, Saudi Arabia, SAU
1.52206, 1947, Oct Average, Saudi Arabia, SAU
8.92538, 1947, Nov Average, Saudi Arabia, SAU
8.83986, 1947, Dec Average, Saudi Arabia, SAU
5.75719, 1948, Jan Average, Saudi Arabia, SAU
6.70961, 1948, Feb Average, Saudi Arabia, SAU
14.9165, 1948, Mar Average, Saudi Arabia, SAU
20.9025, 1948, Apr Average, Saudi Arabia, SAU
6.98726, 1948, May Average, Saudi Arabia, SAU
1.68509, 1948, Jun Average, Saudi Arabia, SAU
3.37912, 1948, Jul Average, Saudi Arabia, SAU
3.25446, 1948, Aug Average, Saudi Arabia, SAU
0.81784, 1948, Sep Average, Saudi Arabia, SAU
2.23261, 1948, Oct Average, Saudi Arabia, SAU
5.15564, 1948, Nov Average, Saudi Arabia, SAU
7.63324, 1948, Dec Average, Saudi Arabia, SAU
5.47356, 1949, Jan Average, Saudi Arabia, SAU
5.12311, 1949, Feb Average, Saudi Arabia, SAU
11.2273, 1949, Mar Average, Saudi Arabia, SAU
13.2317, 1949, Apr Average, Saudi Arabia, SAU
7.75826, 1949, May Average, Saudi Arabia, SAU
1.71737, 1949, Jun Average, Saudi Arabia, SAU
3.57308, 1949, Jul Average, Saudi Arabia, SAU
3.26421, 1949, Aug Average, Saudi Arabia, SAU
0.87353, 1949, Sep Average, Saudi Arabia, SAU
1.52465, 1949, Oct Average, Saudi Arabia, SAU
8.015, 1949, Nov Average, Saudi Arabia, SAU
13.4503, 1949, Dec Average, Saudi Arabia, SAU
4.41757, 1950, Jan Average, Saudi Arabia, SAU
4.3298, 1950, Feb Average, Saudi Arabia, SAU
12.7664, 1950, Mar Average, Saudi Arabia, SAU
15.0881, 1950, Apr Average, Saudi Arabia, SAU
9.62912, 1950, May Average, Saudi Arabia, SAU
1.67288, 1950, Jun Average, Saudi Arabia, SAU
6.68929, 1950, Jul Average, Saudi Arabia, SAU
3.52741, 1950, Aug Average, Saudi Arabia, SAU
0.84099, 1950, Sep Average, Saudi Arabia, SAU
1.76794, 1950, Oct Average, Saudi Arabia, SAU
5.98869, 1950, Nov Average, Saudi Arabia, SAU
4.41654, 1950, Dec Average, Saudi Arabia, SAU
5.26197, 1951, Jan Average, Saudi Arabia, SAU
5.54169, 1951, Feb Average, Saudi Arabia, SAU
16.1812, 1951, Mar Average, Saudi Arabia, SAU
12.3209, 1951, Apr Average, Saudi Arabia, SAU
7.52001, 1951, May Average, Saudi Arabia, SAU
1.68983, 1951, Jun Average, Saudi Arabia, SAU
3.51384, 1951, Jul Average, Saudi Arabia, SAU
2.52915, 1951, Aug Average, Saudi Arabia, SAU
0.92303, 1951, Sep Average, Saudi Arabia, SAU
1.56395, 1951, Oct Average, Saudi Arabia, SAU
5.69789, 1951, Nov Average, Saudi Arabia, SAU
6.34754, 1951, Dec Average, Saudi Arabia, SAU
4.03659, 1952, Jan Average, Saudi Arabia, SAU
3.50077, 1952, Feb Average, Saudi Arabia, SAU
5.92381, 1952, Mar Average, Saudi Arabia, SAU
10.3351, 1952, Apr Average, Saudi Arabia, SAU
7.04321, 1952, May Average, Saudi Arabia, SAU
1.76023, 1952, Jun Average, Saudi Arabia, SAU
3.41551, 1952, Jul Average, Saudi Arabia, SAU
5.55125, 1952, Aug Average, Saudi Arabia, SAU
0.80048, 1952, Sep Average, Saudi Arabia, SAU
1.35386, 1952, Oct Average, Saudi Arabia, SAU
5.07696, 1952, Nov Average, Saudi Arabia, SAU
8.85079, 1952, Dec Average, Saudi Arabia, SAU
8.33982, 1953, Jan Average, Saudi Arabia, SAU
5.71709, 1953, Feb Average, Saudi Arabia, SAU
11.6358, 1953, Mar Average, Saudi Arabia, SAU
7.29906, 1953, Apr Average, Saudi Arabia, SAU
5.87392, 1953, May Average, Saudi Arabia, SAU
2.96746, 1953, Jun Average, Saudi Arabia, SAU
3.66391, 1953, Jul Average, Saudi Arabia, SAU
3.37255, 1953, Aug Average, Saudi Arabia, SAU
0.86731, 1953, Sep Average, Saudi Arabia, SAU
1.83442, 1953, Oct Average, Saudi Arabia, SAU
5.87266, 1953, Nov Average, Saudi Arabia, SAU
11.1366, 1953, Dec Average, Saudi Arabia, SAU
6.83977, 1954, Jan Average, Saudi Arabia, SAU
10.0086, 1954, Feb Average, Saudi Arabia, SAU
7.72666, 1954, Mar Average, Saudi Arabia, SAU
9.8317, 1954, Apr Average, Saudi Arabia, SAU
5.17161, 1954, May Average, Saudi Arabia, SAU
1.6278, 1954, Jun Average, Saudi Arabia, SAU
3.81718, 1954, Jul Average, Saudi Arabia, SAU
3.34188, 1954, Aug Average, Saudi Arabia, SAU
1.03879, 1954, Sep Average, Saudi Arabia, SAU
1.3878, 1954, Oct Average, Saudi Arabia, SAU
7.47075, 1954, Nov Average, Saudi Arabia, SAU
7.21808, 1954, Dec Average, Saudi Arabia, SAU
14.9866, 1955, Jan Average, Saudi Arabia, SAU
2.57576, 1955, Feb Average, Saudi Arabia, SAU
15.6807, 1955, Mar Average, Saudi Arabia, SAU
11.1773, 1955, Apr Average, Saudi Arabia, SAU
9.86293, 1955, May Average, Saudi Arabia, SAU
2.62575, 1955, Jun Average, Saudi Arabia, SAU
3.71498, 1955, Jul Average, Saudi Arabia, SAU
3.45647, 1955, Aug Average, Saudi Arabia, SAU
1.01988, 1955, Sep Average, Saudi Arabia, SAU
1.17744, 1955, Oct Average, Saudi Arabia, SAU
7.36428, 1955, Nov Average, Saudi Arabia, SAU
11.5537, 1955, Dec Average, Saudi Arabia, SAU
3.84727, 1956, Jan Average, Saudi Arabia, SAU
2.23136, 1956, Feb Average, Saudi Arabia, SAU
7.05046, 1956, Mar Average, Saudi Arabia, SAU
13.7356, 1956, Apr Average, Saudi Arabia, SAU
3.16444, 1956, May Average, Saudi Arabia, SAU
1.6514, 1956, Jun Average, Saudi Arabia, SAU
4.7755, 1956, Jul Average, Saudi Arabia, SAU
2.86173, 1956, Aug Average, Saudi Arabia, SAU
0.86196, 1956, Sep Average, Saudi Arabia, SAU
0.94581, 1956, Oct Average, Saudi Arabia, SAU
2.48655, 1956, Nov Average, Saudi Arabia, SAU
7.10234, 1956, Dec Average, Saudi Arabia, SAU
9.47326, 1957, Jan Average, Saudi Arabia, SAU
7.25354, 1957, Feb Average, Saudi Arabia, SAU
7.03834, 1957, Mar Average, Saudi Arabia, SAU
16.3034, 1957, Apr Average, Saudi Arabia, SAU
20.7587, 1957, May Average, Saudi Arabia, SAU
1.60473, 1957, Jun Average, Saudi Arabia, SAU
2.93914, 1957, Jul Average, Saudi Arabia, SAU
4.26726, 1957, Aug Average, Saudi Arabia, SAU
0.80388, 1957, Sep Average, Saudi Arabia, SAU
1.41782, 1957, Oct Average, Saudi Arabia, SAU
12.0146, 1957, Nov Average, Saudi Arabia, SAU
5.62463, 1957, Dec Average, Saudi Arabia, SAU
7.48493, 1958, Jan Average, Saudi Arabia, SAU
5.94916, 1958, Feb Average, Saudi Arabia, SAU
4.05535, 1958, Mar Average, Saudi Arabia, SAU
5.65272, 1958, Apr Average, Saudi Arabia, SAU
3.73432, 1958, May Average, Saudi Arabia, SAU
2.26296, 1958, Jun Average, Saudi Arabia, SAU
4.65974, 1958, Jul Average, Saudi Arabia, SAU
2.16933, 1958, Aug Average, Saudi Arabia, SAU
0.87104, 1958, Sep Average, Saudi Arabia, SAU
0.9253, 1958, Oct Average, Saudi Arabia, SAU
9.0653, 1958, Nov Average, Saudi Arabia, SAU
5.99356, 1958, Dec Average, Saudi Arabia, SAU
7.68983, 1959, Jan Average, Saudi Arabia, SAU
3.17838, 1959, Feb Average, Saudi Arabia, SAU
5.60931, 1959, Mar Average, Saudi Arabia, SAU
5.30148, 1959, Apr Average, Saudi Arabia, SAU
8.31721, 1959, May Average, Saudi Arabia, SAU
1.53986, 1959, Jun Average, Saudi Arabia, SAU
3.09065, 1959, Jul Average, Saudi Arabia, SAU
2.66803, 1959, Aug Average, Saudi Arabia, SAU
1.27881, 1959, Sep Average, Saudi Arabia, SAU
0.85041, 1959, Oct Average, Saudi Arabia, SAU
12.5556, 1959, Nov Average, Saudi Arabia, SAU
8.88146, 1959, Dec Average, Saudi Arabia, SAU
2.75174, 1960, Jan Average, Saudi Arabia, SAU
2.26948, 1960, Feb Average, Saudi Arabia, SAU
16.2444, 1960, Mar Average, Saudi Arabia, SAU
7.10396, 1960, Apr Average, Saudi Arabia, SAU
15.2709, 1960, May Average, Saudi Arabia, SAU
1.86716, 1960, Jun Average, Saudi Arabia, SAU
2.90362, 1960, Jul Average, Saudi Arabia, SAU
2.10594, 1960, Aug Average, Saudi Arabia, SAU
0.85331, 1960, Sep Average, Saudi Arabia, SAU
0.82283, 1960, Oct Average, Saudi Arabia, SAU
7.27706, 1960, Nov Average, Saudi Arabia, SAU
4.51743, 1960, Dec Average, Saudi Arabia, SAU
6.0487, 1961, Jan Average, Saudi Arabia, SAU
5.97731, 1961, Feb Average, Saudi Arabia, SAU
10.1534, 1961, Mar Average, Saudi Arabia, SAU
16.2361, 1961, Apr Average, Saudi Arabia, SAU
9.6311, 1961, May Average, Saudi Arabia, SAU
1.72872, 1961, Jun Average, Saudi Arabia, SAU
5.1491, 1961, Jul Average, Saudi Arabia, SAU
2.71938, 1961, Aug Average, Saudi Arabia, SAU
0.92967, 1961, Sep Average, Saudi Arabia, SAU
1.67634, 1961, Oct Average, Saudi Arabia, SAU
10.4248, 1961, Nov Average, Saudi Arabia, SAU
6.84554, 1961, Dec Average, Saudi Arabia, SAU
3.43929, 1962, Jan Average, Saudi Arabia, SAU
1.72639, 1962, Feb Average, Saudi Arabia, SAU
3.75386, 1962, Mar Average, Saudi Arabia, SAU
11.2454, 1962, Apr Average, Saudi Arabia, SAU
3.63159, 1962, May Average, Saudi Arabia, SAU
1.5889, 1962, Jun Average, Saudi Arabia, SAU
2.738, 1962, Jul Average, Saudi Arabia, SAU
2.5296, 1962, Aug Average, Saudi Arabia, SAU
0.83078, 1962, Sep Average, Saudi Arabia, SAU
0.77799, 1962, Oct Average, Saudi Arabia, SAU
15.3748, 1962, Nov Average, Saudi Arabia, SAU
5.04704, 1962, Dec Average, Saudi Arabia, SAU
10.5887, 1963, Jan Average, Saudi Arabia, SAU
4.30624, 1963, Feb Average, Saudi Arabia, SAU
2.73054, 1963, Mar Average, Saudi Arabia, SAU
30.5773, 1963, Apr Average, Saudi Arabia, SAU
15.8908, 1963, May Average, Saudi Arabia, SAU
1.15954, 1963, Jun Average, Saudi Arabia, SAU
3.31712, 1963, Jul Average, Saudi Arabia, SAU
4.45789, 1963, Aug Average, Saudi Arabia, SAU
0.50467, 1963, Sep Average, Saudi Arabia, SAU
1.07036, 1963, Oct Average, Saudi Arabia, SAU
23.3466, 1963, Nov Average, Saudi Arabia, SAU
7.16449, 1963, Dec Average, Saudi Arabia, SAU
14.3128, 1964, Jan Average, Saudi Arabia, SAU
8.06164, 1964, Feb Average, Saudi Arabia, SAU
5.61799, 1964, Mar Average, Saudi Arabia, SAU
7.62277, 1964, Apr Average, Saudi Arabia, SAU
2.58597, 1964, May Average, Saudi Arabia, SAU
2.94041, 1964, Jun Average, Saudi Arabia, SAU
9.68218, 1964, Jul Average, Saudi Arabia, SAU
4.6399, 1964, Aug Average, Saudi Arabia, SAU
1.21417, 1964, Sep Average, Saudi Arabia, SAU
0.33114, 1964, Oct Average, Saudi Arabia, SAU
1.92816, 1964, Nov Average, Saudi Arabia, SAU
17.4653, 1964, Dec Average, Saudi Arabia, SAU
5.63983, 1965, Jan Average, Saudi Arabia, SAU
1.33053, 1965, Feb Average, Saudi Arabia, SAU
5.83231, 1965, Mar Average, Saudi Arabia, SAU
19.6599, 1965, Apr Average, Saudi Arabia, SAU
1.81256, 1965, May Average, Saudi Arabia, SAU
1.08501, 1965, Jun Average, Saudi Arabia, SAU
9.95625, 1965, Jul Average, Saudi Arabia, SAU
4.08902, 1965, Aug Average, Saudi Arabia, SAU
0.53247, 1965, Sep Average, Saudi Arabia, SAU
1.732, 1965, Oct Average, Saudi Arabia, SAU
14.1754, 1965, Nov Average, Saudi Arabia, SAU
1.42866, 1965, Dec Average, Saudi Arabia, SAU
4.26294, 1966, Jan Average, Saudi Arabia, SAU
12.3912, 1966, Feb Average, Saudi Arabia, SAU
4.9566, 1966, Mar Average, Saudi Arabia, SAU
8.55223, 1966, Apr Average, Saudi Arabia, SAU
2.8255, 1966, May Average, Saudi Arabia, SAU
1.30172, 1966, Jun Average, Saudi Arabia, SAU
2.54985, 1966, Jul Average, Saudi Arabia, SAU
3.38965, 1966, Aug Average, Saudi Arabia, SAU
0.93619, 1966, Sep Average, Saudi Arabia, SAU
4.69278, 1966, Oct Average, Saudi Arabia, SAU
3.73189, 1966, Nov Average, Saudi Arabia, SAU
1.7699, 1966, Dec Average, Saudi Arabia, SAU
1.76376, 1967, Jan Average, Saudi Arabia, SAU
3.13982, 1967, Feb Average, Saudi Arabia, SAU
14.4167, 1967, Mar Average, Saudi Arabia, SAU
16.1958, 1967, Apr Average, Saudi Arabia, SAU
28.3917, 1967, May Average, Saudi Arabia, SAU
0.99608, 1967, Jun Average, Saudi Arabia, SAU
5.32216, 1967, Jul Average, Saudi Arabia, SAU
3.69991, 1967, Aug Average, Saudi Arabia, SAU
0.56011, 1967, Sep Average, Saudi Arabia, SAU
2.23467, 1967, Oct Average, Saudi Arabia, SAU
11.4137, 1967, Nov Average, Saudi Arabia, SAU
1.34606, 1967, Dec Average, Saudi Arabia, SAU
1.09483, 1968, Jan Average, Saudi Arabia, SAU
11.9658, 1968, Feb Average, Saudi Arabia, SAU
7.73736, 1968, Mar Average, Saudi Arabia, SAU
24.6779, 1968, Apr Average, Saudi Arabia, SAU
23.6605, 1968, May Average, Saudi Arabia, SAU
4.41925, 1968, Jun Average, Saudi Arabia, SAU
4.42457, 1968, Jul Average, Saudi Arabia, SAU
1.30429, 1968, Aug Average, Saudi Arabia, SAU
0.49499, 1968, Sep Average, Saudi Arabia, SAU
0.64279, 1968, Oct Average, Saudi Arabia, SAU
10.5264, 1968, Nov Average, Saudi Arabia, SAU
8.86719, 1968, Dec Average, Saudi Arabia, SAU
11.9198, 1969, Jan Average, Saudi Arabia, SAU
5.13775, 1969, Feb Average, Saudi Arabia, SAU
6.37124, 1969, Mar Average, Saudi Arabia, SAU
16.5215, 1969, Apr Average, Saudi Arabia, SAU
9.32647, 1969, May Average, Saudi Arabia, SAU
1.02241, 1969, Jun Average, Saudi Arabia, SAU
2.20114, 1969, Jul Average, Saudi Arabia, SAU
4.94239, 1969, Aug Average, Saudi Arabia, SAU
0.67233, 1969, Sep Average, Saudi Arabia, SAU
4.07268, 1969, Oct Average, Saudi Arabia, SAU
10.84, 1969, Nov Average, Saudi Arabia, SAU
1.25756, 1969, Dec Average, Saudi Arabia, SAU
7.38558, 1970, Jan Average, Saudi Arabia, SAU
1.83908, 1970, Feb Average, Saudi Arabia, SAU
3.16781, 1970, Mar Average, Saudi Arabia, SAU
2.63161, 1970, Apr Average, Saudi Arabia, SAU
1.63349, 1970, May Average, Saudi Arabia, SAU
1.57327, 1970, Jun Average, Saudi Arabia, SAU
1.86019, 1970, Jul Average, Saudi Arabia, SAU
7.08523, 1970, Aug Average, Saudi Arabia, SAU
1.60803, 1970, Sep Average, Saudi Arabia, SAU
0.37947, 1970, Oct Average, Saudi Arabia, SAU
1.41511, 1970, Nov Average, Saudi Arabia, SAU
3.03895, 1970, Dec Average, Saudi Arabia, SAU
6.71288, 1971, Jan Average, Saudi Arabia, SAU
2.14842, 1971, Feb Average, Saudi Arabia, SAU
15.177, 1971, Mar Average, Saudi Arabia, SAU
39.3756, 1971, Apr Average, Saudi Arabia, SAU
7.18002, 1971, May Average, Saudi Arabia, SAU
1.39477, 1971, Jun Average, Saudi Arabia, SAU
2.19207, 1971, Jul Average, Saudi Arabia, SAU
1.32497, 1971, Aug Average, Saudi Arabia, SAU
2.1455, 1971, Sep Average, Saudi Arabia, SAU
0.5825, 1971, Oct Average, Saudi Arabia, SAU
5.30783, 1971, Nov Average, Saudi Arabia, SAU
5.12869, 1971, Dec Average, Saudi Arabia, SAU
14.2193, 1972, Jan Average, Saudi Arabia, SAU
3.42249, 1972, Feb Average, Saudi Arabia, SAU
23.1118, 1972, Mar Average, Saudi Arabia, SAU
27.62, 1972, Apr Average, Saudi Arabia, SAU
3.62037, 1972, May Average, Saudi Arabia, SAU
3.81151, 1972, Jun Average, Saudi Arabia, SAU
1.87357, 1972, Jul Average, Saudi Arabia, SAU
0.99745, 1972, Aug Average, Saudi Arabia, SAU
0.5429, 1972, Sep Average, Saudi Arabia, SAU
0.97294, 1972, Oct Average, Saudi Arabia, SAU
6.55536, 1972, Nov Average, Saudi Arabia, SAU
4.64142, 1972, Dec Average, Saudi Arabia, SAU
2.97558, 1973, Jan Average, Saudi Arabia, SAU
2.8129, 1973, Feb Average, Saudi Arabia, SAU
5.44751, 1973, Mar Average, Saudi Arabia, SAU
7.49223, 1973, Apr Average, Saudi Arabia, SAU
3.43718, 1973, May Average, Saudi Arabia, SAU
1.75536, 1973, Jun Average, Saudi Arabia, SAU
3.62882, 1973, Jul Average, Saudi Arabia, SAU
4.68397, 1973, Aug Average, Saudi Arabia, SAU
0.62024, 1973, Sep Average, Saudi Arabia, SAU
0.48354, 1973, Oct Average, Saudi Arabia, SAU
3.0684, 1973, Nov Average, Saudi Arabia, SAU
6.54194, 1973, Dec Average, Saudi Arabia, SAU
9.07994, 1974, Jan Average, Saudi Arabia, SAU
5.52889, 1974, Feb Average, Saudi Arabia, SAU
21.0545, 1974, Mar Average, Saudi Arabia, SAU
4.1964, 1974, Apr Average, Saudi Arabia, SAU
21.4376, 1974, May Average, Saudi Arabia, SAU
1.148, 1974, Jun Average, Saudi Arabia, SAU
1.38714, 1974, Jul Average, Saudi Arabia, SAU
2.34504, 1974, Aug Average, Saudi Arabia, SAU
0.49201, 1974, Sep Average, Saudi Arabia, SAU
0.43181, 1974, Oct Average, Saudi Arabia, SAU
1.882, 1974, Nov Average, Saudi Arabia, SAU
8.38607, 1974, Dec Average, Saudi Arabia, SAU
8.80899, 1975, Jan Average, Saudi Arabia, SAU
6.74809, 1975, Feb Average, Saudi Arabia, SAU
8.83327, 1975, Mar Average, Saudi Arabia, SAU
32.0805, 1975, Apr Average, Saudi Arabia, SAU
2.79825, 1975, May Average, Saudi Arabia, SAU
1.5173, 1975, Jun Average, Saudi Arabia, SAU
5.37111, 1975, Jul Average, Saudi Arabia, SAU
6.03023, 1975, Aug Average, Saudi Arabia, SAU
1.75565, 1975, Sep Average, Saudi Arabia, SAU
0.39656, 1975, Oct Average, Saudi Arabia, SAU
2.22385, 1975, Nov Average, Saudi Arabia, SAU
8.4173, 1975, Dec Average, Saudi Arabia, SAU
3.75189, 1976, Jan Average, Saudi Arabia, SAU
13.6887, 1976, Feb Average, Saudi Arabia, SAU
21.3529, 1976, Mar Average, Saudi Arabia, SAU
35.5819, 1976, Apr Average, Saudi Arabia, SAU
9.28631, 1976, May Average, Saudi Arabia, SAU
1.72982, 1976, Jun Average, Saudi Arabia, SAU
4.50254, 1976, Jul Average, Saudi Arabia, SAU
0.98047, 1976, Aug Average, Saudi Arabia, SAU
1.29532, 1976, Sep Average, Saudi Arabia, SAU
3.86146, 1976, Oct Average, Saudi Arabia, SAU
13.3163, 1976, Nov Average, Saudi Arabia, SAU
4.52511, 1976, Dec Average, Saudi Arabia, SAU
5.64812, 1977, Jan Average, Saudi Arabia, SAU
2.43815, 1977, Feb Average, Saudi Arabia, SAU
4.77281, 1977, Mar Average, Saudi Arabia, SAU
12.4346, 1977, Apr Average, Saudi Arabia, SAU
12.394, 1977, May Average, Saudi Arabia, SAU
1.55105, 1977, Jun Average, Saudi Arabia, SAU
2.19032, 1977, Jul Average, Saudi Arabia, SAU
10.2651, 1977, Aug Average, Saudi Arabia, SAU
1.83915, 1977, Sep Average, Saudi Arabia, SAU
2.94534, 1977, Oct Average, Saudi Arabia, SAU
2.66288, 1977, Nov Average, Saudi Arabia, SAU
7.53768, 1977, Dec Average, Saudi Arabia, SAU
3.08712, 1978, Jan Average, Saudi Arabia, SAU
5.11009, 1978, Feb Average, Saudi Arabia, SAU
6.96665, 1978, Mar Average, Saudi Arabia, SAU
5.59303, 1978, Apr Average, Saudi Arabia, SAU
2.06771, 1978, May Average, Saudi Arabia, SAU
3.85874, 1978, Jun Average, Saudi Arabia, SAU
8.16348, 1978, Jul Average, Saudi Arabia, SAU
1.73049, 1978, Aug Average, Saudi Arabia, SAU
0.57461, 1978, Sep Average, Saudi Arabia, SAU
0.4039, 1978, Oct Average, Saudi Arabia, SAU
4.58321, 1978, Nov Average, Saudi Arabia, SAU
4.95934, 1978, Dec Average, Saudi Arabia, SAU
14.6779, 1979, Jan Average, Saudi Arabia, SAU
4.59506, 1979, Feb Average, Saudi Arabia, SAU
7.92981, 1979, Mar Average, Saudi Arabia, SAU
5.57577, 1979, Apr Average, Saudi Arabia, SAU
17.0801, 1979, May Average, Saudi Arabia, SAU
3.40895, 1979, Jun Average, Saudi Arabia, SAU
2.45979, 1979, Jul Average, Saudi Arabia, SAU
8.46646, 1979, Aug Average, Saudi Arabia, SAU
3.71307, 1979, Sep Average, Saudi Arabia, SAU
7.31688, 1979, Oct Average, Saudi Arabia, SAU
1.8335, 1979, Nov Average, Saudi Arabia, SAU
7.49138, 1979, Dec Average, Saudi Arabia, SAU
5.92393, 1980, Jan Average, Saudi Arabia, SAU
15.3259, 1980, Feb Average, Saudi Arabia, SAU
5.22701, 1980, Mar Average, Saudi Arabia, SAU
3.12138, 1980, Apr Average, Saudi Arabia, SAU
3.29539, 1980, May Average, Saudi Arabia, SAU
1.02525, 1980, Jun Average, Saudi Arabia, SAU
2.34335, 1980, Jul Average, Saudi Arabia, SAU
1.8271, 1980, Aug Average, Saudi Arabia, SAU
0.57742, 1980, Sep Average, Saudi Arabia, SAU
1.79723, 1980, Oct Average, Saudi Arabia, SAU
3.18068, 1980, Nov Average, Saudi Arabia, SAU
3.97231, 1980, Dec Average, Saudi Arabia, SAU
4.66629, 1981, Jan Average, Saudi Arabia, SAU
7.63403, 1981, Feb Average, Saudi Arabia, SAU
26.2895, 1981, Mar Average, Saudi Arabia, SAU
5.29443, 1981, Apr Average, Saudi Arabia, SAU
13.773, 1981, May Average, Saudi Arabia, SAU
1.46105, 1981, Jun Average, Saudi Arabia, SAU
2.34472, 1981, Jul Average, Saudi Arabia, SAU
4.7502, 1981, Aug Average, Saudi Arabia, SAU
0.5689, 1981, Sep Average, Saudi Arabia, SAU
1.40404, 1981, Oct Average, Saudi Arabia, SAU
6.20535, 1981, Nov Average, Saudi Arabia, SAU
2.33814, 1981, Dec Average, Saudi Arabia, SAU
3.68916, 1982, Jan Average, Saudi Arabia, SAU
8.59714, 1982, Feb Average, Saudi Arabia, SAU
25.3669, 1982, Mar Average, Saudi Arabia, SAU
31.8919, 1982, Apr Average, Saudi Arabia, SAU
31.1462, 1982, May Average, Saudi Arabia, SAU
1.86227, 1982, Jun Average, Saudi Arabia, SAU
1.94941, 1982, Jul Average, Saudi Arabia, SAU
1.98563, 1982, Aug Average, Saudi Arabia, SAU
1.35681, 1982, Sep Average, Saudi Arabia, SAU
3.85291, 1982, Oct Average, Saudi Arabia, SAU
7.58593, 1982, Nov Average, Saudi Arabia, SAU
5.10237, 1982, Dec Average, Saudi Arabia, SAU
7.61806, 1983, Jan Average, Saudi Arabia, SAU
6.51075, 1983, Feb Average, Saudi Arabia, SAU
19.1923, 1983, Mar Average, Saudi Arabia, SAU
26.4295, 1983, Apr Average, Saudi Arabia, SAU
7.60989, 1983, May Average, Saudi Arabia, SAU
1.00977, 1983, Jun Average, Saudi Arabia, SAU
1.50153, 1983, Jul Average, Saudi Arabia, SAU
5.35125, 1983, Aug Average, Saudi Arabia, SAU
0.53781, 1983, Sep Average, Saudi Arabia, SAU
0.38673, 1983, Oct Average, Saudi Arabia, SAU
1.73006, 1983, Nov Average, Saudi Arabia, SAU
1.07867, 1983, Dec Average, Saudi Arabia, SAU
1.62835, 1984, Jan Average, Saudi Arabia, SAU
3.6089, 1984, Feb Average, Saudi Arabia, SAU
12.01, 1984, Mar Average, Saudi Arabia, SAU
5.99715, 1984, Apr Average, Saudi Arabia, SAU
5.54908, 1984, May Average, Saudi Arabia, SAU
2.20551, 1984, Jun Average, Saudi Arabia, SAU
1.60241, 1984, Jul Average, Saudi Arabia, SAU
0.95619, 1984, Aug Average, Saudi Arabia, SAU
0.58269, 1984, Sep Average, Saudi Arabia, SAU
1.11849, 1984, Oct Average, Saudi Arabia, SAU
15.4972, 1984, Nov Average, Saudi Arabia, SAU
9.00843, 1984, Dec Average, Saudi Arabia, SAU
6.39567, 1985, Jan Average, Saudi Arabia, SAU
1.71426, 1985, Feb Average, Saudi Arabia, SAU
4.45149, 1985, Mar Average, Saudi Arabia, SAU
17.2229, 1985, Apr Average, Saudi Arabia, SAU
14.2148, 1985, May Average, Saudi Arabia, SAU
1.20057, 1985, Jun Average, Saudi Arabia, SAU
1.79219, 1985, Jul Average, Saudi Arabia, SAU
1.08256, 1985, Aug Average, Saudi Arabia, SAU
0.88019, 1985, Sep Average, Saudi Arabia, SAU
0.94267, 1985, Oct Average, Saudi Arabia, SAU
13.6203, 1985, Nov Average, Saudi Arabia, SAU
9.92524, 1985, Dec Average, Saudi Arabia, SAU
2.74112, 1986, Jan Average, Saudi Arabia, SAU
7.17115, 1986, Feb Average, Saudi Arabia, SAU
10.477, 1986, Mar Average, Saudi Arabia, SAU
32.7958, 1986, Apr Average, Saudi Arabia, SAU
4.88774, 1986, May Average, Saudi Arabia, SAU
3.7346, 1986, Jun Average, Saudi Arabia, SAU
1.98404, 1986, Jul Average, Saudi Arabia, SAU
2.90368, 1986, Aug Average, Saudi Arabia, SAU
0.81264, 1986, Sep Average, Saudi Arabia, SAU
0.5926, 1986, Oct Average, Saudi Arabia, SAU
4.63402, 1986, Nov Average, Saudi Arabia, SAU
10.8612, 1986, Dec Average, Saudi Arabia, SAU
2.355, 1987, Jan Average, Saudi Arabia, SAU
2.10159, 1987, Feb Average, Saudi Arabia, SAU
29.5369, 1987, Mar Average, Saudi Arabia, SAU
3.73999, 1987, Apr Average, Saudi Arabia, SAU
7.61391, 1987, May Average, Saudi Arabia, SAU
2.8514, 1987, Jun Average, Saudi Arabia, SAU
1.70869, 1987, Jul Average, Saudi Arabia, SAU
8.98082, 1987, Aug Average, Saudi Arabia, SAU
2.10511, 1987, Sep Average, Saudi Arabia, SAU
4.90759, 1987, Oct Average, Saudi Arabia, SAU
1.10166, 1987, Nov Average, Saudi Arabia, SAU
6.05303, 1987, Dec Average, Saudi Arabia, SAU
5.89042, 1988, Jan Average, Saudi Arabia, SAU
18.207, 1988, Feb Average, Saudi Arabia, SAU
14.5307, 1988, Mar Average, Saudi Arabia, SAU
27.159, 1988, Apr Average, Saudi Arabia, SAU
1.91651, 1988, May Average, Saudi Arabia, SAU
1.12597, 1988, Jun Average, Saudi Arabia, SAU
6.24279, 1988, Jul Average, Saudi Arabia, SAU
2.08222, 1988, Aug Average, Saudi Arabia, SAU
2.11673, 1988, Sep Average, Saudi Arabia, SAU
1.6609, 1988, Oct Average, Saudi Arabia, SAU
1.44076, 1988, Nov Average, Saudi Arabia, SAU
2.76467, 1988, Dec Average, Saudi Arabia, SAU
1.55824, 1989, Jan Average, Saudi Arabia, SAU
4.16845, 1989, Feb Average, Saudi Arabia, SAU
23.7278, 1989, Mar Average, Saudi Arabia, SAU
33.4649, 1989, Apr Average, Saudi Arabia, SAU
2.17981, 1989, May Average, Saudi Arabia, SAU
2.68688, 1989, Jun Average, Saudi Arabia, SAU
2.73224, 1989, Jul Average, Saudi Arabia, SAU
1.34547, 1989, Aug Average, Saudi Arabia, SAU
0.51158, 1989, Sep Average, Saudi Arabia, SAU
1.45256, 1989, Oct Average, Saudi Arabia, SAU
3.46438, 1989, Nov Average, Saudi Arabia, SAU
10.6424, 1989, Dec Average, Saudi Arabia, SAU
6.11245, 1990, Jan Average, Saudi Arabia, SAU
6.15244, 1990, Feb Average, Saudi Arabia, SAU
8.14695, 1990, Mar Average, Saudi Arabia, SAU
7.29906, 1990, Apr Average, Saudi Arabia, SAU
2.82925, 1990, May Average, Saudi Arabia, SAU
1.51608, 1990, Jun Average, Saudi Arabia, SAU
3.1048, 1990, Jul Average, Saudi Arabia, SAU
2.37933, 1990, Aug Average, Saudi Arabia, SAU
0.84146, 1990, Sep Average, Saudi Arabia, SAU
5.70432, 1990, Oct Average, Saudi Arabia, SAU
6.85117, 1990, Nov Average, Saudi Arabia, SAU
7.53913, 1990, Dec Average, Saudi Arabia, SAU
12.7551, 1991, Jan Average, Saudi Arabia, SAU
4.49186, 1991, Feb Average, Saudi Arabia, SAU
17.5128, 1991, Mar Average, Saudi Arabia, SAU
7.39449, 1991, Apr Average, Saudi Arabia, SAU
3.6264, 1991, May Average, Saudi Arabia, SAU
1.88067, 1991, Jun Average, Saudi Arabia, SAU
3.22605, 1991, Jul Average, Saudi Arabia, SAU
2.63802, 1991, Aug Average, Saudi Arabia, SAU
1.07846, 1991, Sep Average, Saudi Arabia, SAU
5.4747, 1991, Oct Average, Saudi Arabia, SAU
4.91322, 1991, Nov Average, Saudi Arabia, SAU
4.58778, 1991, Dec Average, Saudi Arabia, SAU
11.1389, 1992, Jan Average, Saudi Arabia, SAU
5.94625, 1992, Feb Average, Saudi Arabia, SAU
11.1907, 1992, Mar Average, Saudi Arabia, SAU
9.88477, 1992, Apr Average, Saudi Arabia, SAU
7.64338, 1992, May Average, Saudi Arabia, SAU
2.99941, 1992, Jun Average, Saudi Arabia, SAU
3.03505, 1992, Jul Average, Saudi Arabia, SAU
3.74244, 1992, Aug Average, Saudi Arabia, SAU
0.97866, 1992, Sep Average, Saudi Arabia, SAU
4.85989, 1992, Oct Average, Saudi Arabia, SAU
9.04922, 1992, Nov Average, Saudi Arabia, SAU
9.58374, 1992, Dec Average, Saudi Arabia, SAU
14.2446, 1993, Jan Average, Saudi Arabia, SAU
12.2381, 1993, Feb Average, Saudi Arabia, SAU
16.1633, 1993, Mar Average, Saudi Arabia, SAU
27.9052, 1993, Apr Average, Saudi Arabia, SAU
30.9562, 1993, May Average, Saudi Arabia, SAU
1.66752, 1993, Jun Average, Saudi Arabia, SAU
2.95299, 1993, Jul Average, Saudi Arabia, SAU
2.66683, 1993, Aug Average, Saudi Arabia, SAU
0.9741, 1993, Sep Average, Saudi Arabia, SAU
3.36949, 1993, Oct Average, Saudi Arabia, SAU
2.79161, 1993, Nov Average, Saudi Arabia, SAU
3.42642, 1993, Dec Average, Saudi Arabia, SAU
3.50117, 1994, Jan Average, Saudi Arabia, SAU
1.86533, 1994, Feb Average, Saudi Arabia, SAU
9.3169, 1994, Mar Average, Saudi Arabia, SAU
7.83607, 1994, Apr Average, Saudi Arabia, SAU
14.8736, 1994, May Average, Saudi Arabia, SAU
1.70449, 1994, Jun Average, Saudi Arabia, SAU
3.79437, 1994, Jul Average, Saudi Arabia, SAU
3.24936, 1994, Aug Average, Saudi Arabia, SAU
1.11431, 1994, Sep Average, Saudi Arabia, SAU
2.93251, 1994, Oct Average, Saudi Arabia, SAU
7.08107, 1994, Nov Average, Saudi Arabia, SAU
5.97942, 1994, Dec Average, Saudi Arabia, SAU
3.24265, 1995, Jan Average, Saudi Arabia, SAU
8.7942, 1995, Feb Average, Saudi Arabia, SAU
28.489, 1995, Mar Average, Saudi Arabia, SAU
18.4933, 1995, Apr Average, Saudi Arabia, SAU
3.98944, 1995, May Average, Saudi Arabia, SAU
1.65186, 1995, Jun Average, Saudi Arabia, SAU
3.66523, 1995, Jul Average, Saudi Arabia, SAU
2.93007, 1995, Aug Average, Saudi Arabia, SAU
0.57756, 1995, Sep Average, Saudi Arabia, SAU
0.97217, 1995, Oct Average, Saudi Arabia, SAU
5.25651, 1995, Nov Average, Saudi Arabia, SAU
16.1281, 1995, Dec Average, Saudi Arabia, SAU
13.4371, 1996, Jan Average, Saudi Arabia, SAU
5.19262, 1996, Feb Average, Saudi Arabia, SAU
20.8735, 1996, Mar Average, Saudi Arabia, SAU
12.2011, 1996, Apr Average, Saudi Arabia, SAU
8.12944, 1996, May Average, Saudi Arabia, SAU
3.83213, 1996, Jun Average, Saudi Arabia, SAU
6.31299, 1996, Jul Average, Saudi Arabia, SAU
6.66299, 1996, Aug Average, Saudi Arabia, SAU
0.90874, 1996, Sep Average, Saudi Arabia, SAU
0.84847, 1996, Oct Average, Saudi Arabia, SAU
9.44826, 1996, Nov Average, Saudi Arabia, SAU
2.4193, 1996, Dec Average, Saudi Arabia, SAU
11.2026, 1997, Jan Average, Saudi Arabia, SAU
1.8611, 1997, Feb Average, Saudi Arabia, SAU
22.188, 1997, Mar Average, Saudi Arabia, SAU
8.55395, 1997, Apr Average, Saudi Arabia, SAU
7.56259, 1997, May Average, Saudi Arabia, SAU
2.46729, 1997, Jun Average, Saudi Arabia, SAU
2.80401, 1997, Jul Average, Saudi Arabia, SAU
2.81806, 1997, Aug Average, Saudi Arabia, SAU
0.91317, 1997, Sep Average, Saudi Arabia, SAU
4.97715, 1997, Oct Average, Saudi Arabia, SAU
17.2924, 1997, Nov Average, Saudi Arabia, SAU
5.01596, 1997, Dec Average, Saudi Arabia, SAU
12.9, 1998, Jan Average, Saudi Arabia, SAU
3.0525, 1998, Feb Average, Saudi Arabia, SAU
12.9536, 1998, Mar Average, Saudi Arabia, SAU
19.8007, 1998, Apr Average, Saudi Arabia, SAU
11.9116, 1998, May Average, Saudi Arabia, SAU
1.67247, 1998, Jun Average, Saudi Arabia, SAU
3.42244, 1998, Jul Average, Saudi Arabia, SAU
6.63492, 1998, Aug Average, Saudi Arabia, SAU
0.97994, 1998, Sep Average, Saudi Arabia, SAU
0.78351, 1998, Oct Average, Saudi Arabia, SAU
2.06744, 1998, Nov Average, Saudi Arabia, SAU
1.93536, 1998, Dec Average, Saudi Arabia, SAU
14.6235, 1999, Jan Average, Saudi Arabia, SAU
7.43843, 1999, Feb Average, Saudi Arabia, SAU
10.2463, 1999, Mar Average, Saudi Arabia, SAU
6.87088, 1999, Apr Average, Saudi Arabia, SAU
3.66289, 1999, May Average, Saudi Arabia, SAU
1.70399, 1999, Jun Average, Saudi Arabia, SAU
2.95767, 1999, Jul Average, Saudi Arabia, SAU
2.6147, 1999, Aug Average, Saudi Arabia, SAU
0.91444, 1999, Sep Average, Saudi Arabia, SAU
1.08706, 1999, Oct Average, Saudi Arabia, SAU
2.28509, 1999, Nov Average, Saudi Arabia, SAU
7.29073, 1999, Dec Average, Saudi Arabia, SAU
6.1487, 2000, Jan Average, Saudi Arabia, SAU
1.76752, 2000, Feb Average, Saudi Arabia, SAU
3.25205, 2000, Mar Average, Saudi Arabia, SAU
4.58778, 2000, Apr Average, Saudi Arabia, SAU
3.90401, 2000, May Average, Saudi Arabia, SAU
1.90881, 2000, Jun Average, Saudi Arabia, SAU
2.93532, 2000, Jul Average, Saudi Arabia, SAU
2.481, 2000, Aug Average, Saudi Arabia, SAU
1.04964, 2000, Sep Average, Saudi Arabia, SAU
5.78232, 2000, Oct Average, Saudi Arabia, SAU
25.7018, 2000, Nov Average, Saudi Arabia, SAU
5.06634, 2000, Dec Average, Saudi Arabia, SAU
5.0495, 2001, Jan Average, Saudi Arabia, SAU
3.34873, 2001, Feb Average, Saudi Arabia, SAU
8.39784, 2001, Mar Average, Saudi Arabia, SAU
10.773, 2001, Apr Average, Saudi Arabia, SAU
4.58725, 2001, May Average, Saudi Arabia, SAU
1.88868, 2001, Jun Average, Saudi Arabia, SAU
3.3263, 2001, Jul Average, Saudi Arabia, SAU
2.83119, 2001, Aug Average, Saudi Arabia, SAU
0.98407, 2001, Sep Average, Saudi Arabia, SAU
0.91756, 2001, Oct Average, Saudi Arabia, SAU
3.78873, 2001, Nov Average, Saudi Arabia, SAU
10.852, 2001, Dec Average, Saudi Arabia, SAU
5.52177, 2002, Jan Average, Saudi Arabia, SAU
3.45516, 2002, Feb Average, Saudi Arabia, SAU
17.8221, 2002, Mar Average, Saudi Arabia, SAU
26.4999, 2002, Apr Average, Saudi Arabia, SAU
3.69548, 2002, May Average, Saudi Arabia, SAU
1.87154, 2002, Jun Average, Saudi Arabia, SAU
3.13278, 2002, Jul Average, Saudi Arabia, SAU
2.61564, 2002, Aug Average, Saudi Arabia, SAU
0.95447, 2002, Sep Average, Saudi Arabia, SAU
1.41142, 2002, Oct Average, Saudi Arabia, SAU
9.46742, 2002, Nov Average, Saudi Arabia, SAU
4.71, 2002, Dec Average, Saudi Arabia, SAU
4.8646, 2003, Jan Average, Saudi Arabia, SAU
4.04425, 2003, Feb Average, Saudi Arabia, SAU
6.92402, 2003, Mar Average, Saudi Arabia, SAU
12.0761, 2003, Apr Average, Saudi Arabia, SAU
4.15995, 2003, May Average, Saudi Arabia, SAU
2.00381, 2003, Jun Average, Saudi Arabia, SAU
3.66201, 2003, Jul Average, Saudi Arabia, SAU
3.78644, 2003, Aug Average, Saudi Arabia, SAU
1.07836, 2003, Sep Average, Saudi Arabia, SAU
0.87057, 2003, Oct Average, Saudi Arabia, SAU
7.38224, 2003, Nov Average, Saudi Arabia, SAU
7.55735, 2003, Dec Average, Saudi Arabia, SAU
14.499, 2004, Jan Average, Saudi Arabia, SAU
2.35512, 2004, Feb Average, Saudi Arabia, SAU
3.3013, 2004, Mar Average, Saudi Arabia, SAU
11.7223, 2004, Apr Average, Saudi Arabia, SAU
8.59015, 2004, May Average, Saudi Arabia, SAU
1.84944, 2004, Jun Average, Saudi Arabia, SAU
3.7824, 2004, Jul Average, Saudi Arabia, SAU
2.83841, 2004, Aug Average, Saudi Arabia, SAU
1.19262, 2004, Sep Average, Saudi Arabia, SAU
0.97885, 2004, Oct Average, Saudi Arabia, SAU
5.17792, 2004, Nov Average, Saudi Arabia, SAU
9.62723, 2004, Dec Average, Saudi Arabia, SAU
6.30616, 2005, Jan Average, Saudi Arabia, SAU
10.9747, 2005, Feb Average, Saudi Arabia, SAU
7.77058, 2005, Mar Average, Saudi Arabia, SAU
14.7411, 2005, Apr Average, Saudi Arabia, SAU
3.93914, 2005, May Average, Saudi Arabia, SAU
2.0061, 2005, Jun Average, Saudi Arabia, SAU
4.02696, 2005, Jul Average, Saudi Arabia, SAU
2.4177, 2005, Aug Average, Saudi Arabia, SAU
0.96135, 2005, Sep Average, Saudi Arabia, SAU
0.91386, 2005, Oct Average, Saudi Arabia, SAU
4.68123, 2005, Nov Average, Saudi Arabia, SAU
3.59995, 2005, Dec Average, Saudi Arabia, SAU
3.46417, 2006, Jan Average, Saudi Arabia, SAU
8.1423, 2006, Feb Average, Saudi Arabia, SAU
3.54544, 2006, Mar Average, Saudi Arabia, SAU
12.6222, 2006, Apr Average, Saudi Arabia, SAU
11.4928, 2006, May Average, Saudi Arabia, SAU
1.7348, 2006, Jun Average, Saudi Arabia, SAU
3.75456, 2006, Jul Average, Saudi Arabia, SAU
2.79972, 2006, Aug Average, Saudi Arabia, SAU
0.962, 2006, Sep Average, Saudi Arabia, SAU
2.6159, 2006, Oct Average, Saudi Arabia, SAU
8.21715, 2006, Nov Average, Saudi Arabia, SAU
6.88031, 2006, Dec Average, Saudi Arabia, SAU
6.66935, 2007, Jan Average, Saudi Arabia, SAU
9.96511, 2007, Feb Average, Saudi Arabia, SAU
12.3363, 2007, Mar Average, Saudi Arabia, SAU
16.6262, 2007, Apr Average, Saudi Arabia, SAU
11.4752, 2007, May Average, Saudi Arabia, SAU
3.60042, 2007, Jun Average, Saudi Arabia, SAU
3.73886, 2007, Jul Average, Saudi Arabia, SAU
3.06048, 2007, Aug Average, Saudi Arabia, SAU
0.95447, 2007, Sep Average, Saudi Arabia, SAU
1.32646, 2007, Oct Average, Saudi Arabia, SAU
2.97606, 2007, Nov Average, Saudi Arabia, SAU
2.61275, 2007, Dec Average, Saudi Arabia, SAU
8.16332, 2008, Jan Average, Saudi Arabia, SAU
2.2668, 2008, Feb Average, Saudi Arabia, SAU
4.59223, 2008, Mar Average, Saudi Arabia, SAU
6.82402, 2008, Apr Average, Saudi Arabia, SAU
4.07862, 2008, May Average, Saudi Arabia, SAU
1.70009, 2008, Jun Average, Saudi Arabia, SAU
3.39267, 2008, Jul Average, Saudi Arabia, SAU
2.4251, 2008, Aug Average, Saudi Arabia, SAU
0.99854, 2008, Sep Average, Saudi Arabia, SAU
1.31746, 2008, Oct Average, Saudi Arabia, SAU
15.4875, 2008, Nov Average, Saudi Arabia, SAU
2.26762, 2008, Dec Average, Saudi Arabia, SAU
2.05412, 2009, Jan Average, Saudi Arabia, SAU
3.9959, 2009, Feb Average, Saudi Arabia, SAU
5.95691, 2009, Mar Average, Saudi Arabia, SAU
11.0969, 2009, Apr Average, Saudi Arabia, SAU
5.5406, 2009, May Average, Saudi Arabia, SAU
1.76252, 2009, Jun Average, Saudi Arabia, SAU
3.15589, 2009, Jul Average, Saudi Arabia, SAU
2.48168, 2009, Aug Average, Saudi Arabia, SAU
0.94464, 2009, Sep Average, Saudi Arabia, SAU
1.01146, 2009, Oct Average, Saudi Arabia, SAU
4.93708, 2009, Nov Average, Saudi Arabia, SAU
9.14557, 2009, Dec Average, Saudi Arabia, SAU
4.59914, 2010, Jan Average, Saudi Arabia, SAU
3.67677, 2010, Feb Average, Saudi Arabia, SAU
8.48688, 2010, Mar Average, Saudi Arabia, SAU
10.3543, 2010, Apr Average, Saudi Arabia, SAU
10.9176, 2010, May Average, Saudi Arabia, SAU
1.77517, 2010, Jun Average, Saudi Arabia, SAU
3.75463, 2010, Jul Average, Saudi Arabia, SAU
3.69699, 2010, Aug Average, Saudi Arabia, SAU
0.9906, 2010, Sep Average, Saudi Arabia, SAU
0.87728, 2010, Oct Average, Saudi Arabia, SAU
3.07181, 2010, Nov Average, Saudi Arabia, SAU
5.8353, 2010, Dec Average, Saudi Arabia, SAU
5.70521, 2011, Jan Average, Saudi Arabia, SAU
2.66098, 2011, Feb Average, Saudi Arabia, SAU
9.45051, 2011, Mar Average, Saudi Arabia, SAU
14.9116, 2011, Apr Average, Saudi Arabia, SAU
4.31721, 2011, May Average, Saudi Arabia, SAU
1.79983, 2011, Jun Average, Saudi Arabia, SAU
3.98179, 2011, Jul Average, Saudi Arabia, SAU
2.75557, 2011, Aug Average, Saudi Arabia, SAU
1.04292, 2011, Sep Average, Saudi Arabia, SAU
1.9402, 2011, Oct Average, Saudi Arabia, SAU
6.86665, 2011, Nov Average, Saudi Arabia, SAU
4.17361, 2011, Dec Average, Saudi Arabia, SAU
4.34162, 2012, Jan Average, Saudi Arabia, SAU
3.33437, 2012, Feb Average, Saudi Arabia, SAU
8.10055, 2012, Mar Average, Saudi Arabia, SAU
17.9243, 2012, Apr Average, Saudi Arabia, SAU
6.71734, 2012, May Average, Saudi Arabia, SAU
1.82358, 2012, Jun Average, Saudi Arabia, SAU
3.10116, 2012, Jul Average, Saudi Arabia, SAU
2.47015, 2012, Aug Average, Saudi Arabia, SAU
1.16661, 2012, Sep Average, Saudi Arabia, SAU
2.53325, 2012, Oct Average, Saudi Arabia, SAU
8.55072, 2012, Nov Average, Saudi Arabia, SAU
7.44665, 2012, Dec Average, Saudi Arabia, SAU
5.72709, 2013, Jan Average, Saudi Arabia, SAU
3.19937, 2013, Feb Average, Saudi Arabia, SAU
6.83386, 2013, Mar Average, Saudi Arabia, SAU
14.7498, 2013, Apr Average, Saudi Arabia, SAU
6.46027, 2013, May Average, Saudi Arabia, SAU
2.24756, 2013, Jun Average, Saudi Arabia, SAU
3.79739, 2013, Jul Average, Saudi Arabia, SAU
4.53796, 2013, Aug Average, Saudi Arabia, SAU
1.00933, 2013, Sep Average, Saudi Arabia, SAU
4.83663, 2013, Oct Average, Saudi Arabia, SAU
6.2423, 2013, Nov Average, Saudi Arabia, SAU
9.21648, 2013, Dec Average, Saudi Arabia, SAU
9.13038, 2014, Jan Average, Saudi Arabia, SAU
3.9663, 2014, Feb Average, Saudi Arabia, SAU
8.81257, 2014, Mar Average, Saudi Arabia, SAU
14.8395, 2014, Apr Average, Saudi Arabia, SAU
11.1457, 2014, May Average, Saudi Arabia, SAU
1.91062, 2014, Jun Average, Saudi Arabia, SAU
3.68679, 2014, Jul Average, Saudi Arabia, SAU
2.75902, 2014, Aug Average, Saudi Arabia, SAU
0.97552, 2014, Sep Average, Saudi Arabia, SAU
1.35128, 2014, Oct Average, Saudi Arabia, SAU
9.22509, 2014, Nov Average, Saudi Arabia, SAU
3.92153, 2014, Dec Average, Saudi Arabia, SAU
3.12576, 2015, Jan Average, Saudi Arabia, SAU
3.53304, 2015, Feb Average, Saudi Arabia, SAU
8.05841, 2015, Mar Average, Saudi Arabia, SAU
8.93893, 2015, Apr Average, Saudi Arabia, SAU
4.65543, 2015, May Average, Saudi Arabia, SAU
2.14592, 2015, Jun Average, Saudi Arabia, SAU
2.9268, 2015, Jul Average, Saudi Arabia, SAU
3.53861, 2015, Aug Average, Saudi Arabia, SAU
1.13447, 2015, Sep Average, Saudi Arabia, SAU
2.91184, 2015, Oct Average, Saudi Arabia, SAU
7.30078, 2015, Nov Average, Saudi Arabia, SAU
9.31809, 2015, Dec Average, Saudi Arabia, SAU
2.99716, 2016, Jan Average, Saudi Arabia, SAU
3.75712, 2016, Feb Average, Saudi Arabia, SAU
10.7099, 2016, Mar Average, Saudi Arabia, SAU
21.8657, 2016, Apr Average, Saudi Arabia, SAU
5.06995, 2016, May Average, Saudi Arabia, SAU
1.98937, 2016, Jun Average, Saudi Arabia, SAU
3.36819, 2016, Jul Average, Saudi Arabia, SAU
2.66272, 2016, Aug Average, Saudi Arabia, SAU
1.07568, 2016, Sep Average, Saudi Arabia, SAU
2.46876, 2016, Oct Average, Saudi Arabia, SAU
3.58433, 2016, Nov Average, Saudi Arabia, SAU
5.13354, 2016, Dec Average, Saudi Arabia, SAU
