Temperature - (Celsius), Year, Statistics, Country, ISO3
-6.8047, 1901, Jan Average, Belarus, BLR
-7.0532, 1901, Feb Average, Belarus, BLR
-0.9586, 1901, Mar Average, Belarus, BLR
6.52032, 1901, Apr Average, Belarus, BLR
13.6177, 1901, May Average, Belarus, BLR
19.8515, 1901, Jun Average, Belarus, BLR
19.3318, 1901, Jul Average, Belarus, BLR
18.9366, 1901, Aug Average, Belarus, BLR
12.5855, 1901, Sep Average, Belarus, BLR
8.00979, 1901, Oct Average, Belarus, BLR
-0.1216, 1901, Nov Average, Belarus, BLR
-2.8707, 1901, Dec Average, Belarus, BLR
-1.986, 1902, Jan Average, Belarus, BLR
-6.3567, 1902, Feb Average, Belarus, BLR
-0.6454, 1902, Mar Average, Belarus, BLR
3.23479, 1902, Apr Average, Belarus, BLR
10.8271, 1902, May Average, Belarus, BLR
16.4565, 1902, Jun Average, Belarus, BLR
16.0672, 1902, Jul Average, Belarus, BLR
15.4895, 1902, Aug Average, Belarus, BLR
11.3045, 1902, Sep Average, Belarus, BLR
4.65243, 1902, Oct Average, Belarus, BLR
-2.8291, 1902, Nov Average, Belarus, BLR
-8.9725, 1902, Dec Average, Belarus, BLR
-4.7346, 1903, Jan Average, Belarus, BLR
-0.9237, 1903, Feb Average, Belarus, BLR
3.37647, 1903, Mar Average, Belarus, BLR
7.81472, 1903, Apr Average, Belarus, BLR
13.4462, 1903, May Average, Belarus, BLR
18.1145, 1903, Jun Average, Belarus, BLR
18.2233, 1903, Jul Average, Belarus, BLR
16.1149, 1903, Aug Average, Belarus, BLR
13.8885, 1903, Sep Average, Belarus, BLR
4.77521, 1903, Oct Average, Belarus, BLR
1.73267, 1903, Nov Average, Belarus, BLR
-4.2216, 1903, Dec Average, Belarus, BLR
-5.9046, 1904, Jan Average, Belarus, BLR
-2.7784, 1904, Feb Average, Belarus, BLR
-2.8764, 1904, Mar Average, Belarus, BLR
6.3916, 1904, Apr Average, Belarus, BLR
10.3153, 1904, May Average, Belarus, BLR
14.3328, 1904, Jun Average, Belarus, BLR
16.0499, 1904, Jul Average, Belarus, BLR
16.0138, 1904, Aug Average, Belarus, BLR
10.9044, 1904, Sep Average, Belarus, BLR
6.97644, 1904, Oct Average, Belarus, BLR
-0.205, 1904, Nov Average, Belarus, BLR
-2.7061, 1904, Dec Average, Belarus, BLR
-8.7126, 1905, Jan Average, Belarus, BLR
-3.7017, 1905, Feb Average, Belarus, BLR
-0.5489, 1905, Mar Average, Belarus, BLR
4.90457, 1905, Apr Average, Belarus, BLR
14.2791, 1905, May Average, Belarus, BLR
19.2175, 1905, Jun Average, Belarus, BLR
17.6867, 1905, Jul Average, Belarus, BLR
17.3357, 1905, Aug Average, Belarus, BLR
12.3688, 1905, Sep Average, Belarus, BLR
4.85902, 1905, Oct Average, Belarus, BLR
2.01938, 1905, Nov Average, Belarus, BLR
-3.4838, 1905, Dec Average, Belarus, BLR
-4.552, 1906, Jan Average, Belarus, BLR
-4.3773, 1906, Feb Average, Belarus, BLR
-0.164, 1906, Mar Average, Belarus, BLR
8.82371, 1906, Apr Average, Belarus, BLR
17.3824, 1906, May Average, Belarus, BLR
17.1787, 1906, Jun Average, Belarus, BLR
18.7544, 1906, Jul Average, Belarus, BLR
15.8944, 1906, Aug Average, Belarus, BLR
10.8423, 1906, Sep Average, Belarus, BLR
6.02956, 1906, Oct Average, Belarus, BLR
3.24846, 1906, Nov Average, Belarus, BLR
-5.3553, 1906, Dec Average, Belarus, BLR
-9.1058, 1907, Jan Average, Belarus, BLR
-7.3662, 1907, Feb Average, Belarus, BLR
-2.449, 1907, Mar Average, Belarus, BLR
4.46004, 1907, Apr Average, Belarus, BLR
13.6281, 1907, May Average, Belarus, BLR
16.1654, 1907, Jun Average, Belarus, BLR
17.0538, 1907, Jul Average, Belarus, BLR
15.1466, 1907, Aug Average, Belarus, BLR
12.376, 1907, Sep Average, Belarus, BLR
10.0941, 1907, Oct Average, Belarus, BLR
-1.7536, 1907, Nov Average, Belarus, BLR
-8.4385, 1907, Dec Average, Belarus, BLR
-5.0237, 1908, Jan Average, Belarus, BLR
-3.3913, 1908, Feb Average, Belarus, BLR
-2.2541, 1908, Mar Average, Belarus, BLR
5.09927, 1908, Apr Average, Belarus, BLR
12.0041, 1908, May Average, Belarus, BLR
15.8951, 1908, Jun Average, Belarus, BLR
18.3845, 1908, Jul Average, Belarus, BLR
16.0166, 1908, Aug Average, Belarus, BLR
11.7772, 1908, Sep Average, Belarus, BLR
5.26688, 1908, Oct Average, Belarus, BLR
-3.4738, 1908, Nov Average, Belarus, BLR
-6.0788, 1908, Dec Average, Belarus, BLR
-7.4772, 1909, Jan Average, Belarus, BLR
-9.593, 1909, Feb Average, Belarus, BLR
-1.6726, 1909, Mar Average, Belarus, BLR
3.89049, 1909, Apr Average, Belarus, BLR
9.72009, 1909, May Average, Belarus, BLR
16.0483, 1909, Jun Average, Belarus, BLR
16.7131, 1909, Jul Average, Belarus, BLR
17.2582, 1909, Aug Average, Belarus, BLR
15.1772, 1909, Sep Average, Belarus, BLR
9.42664, 1909, Oct Average, Belarus, BLR
-0.85, 1909, Nov Average, Belarus, BLR
-1.2664, 1909, Dec Average, Belarus, BLR
-3.6633, 1910, Jan Average, Belarus, BLR
-1.4484, 1910, Feb Average, Belarus, BLR
1.15324, 1910, Mar Average, Belarus, BLR
8.24623, 1910, Apr Average, Belarus, BLR
14.8852, 1910, May Average, Belarus, BLR
18.2581, 1910, Jun Average, Belarus, BLR
17.9341, 1910, Jul Average, Belarus, BLR
15.8234, 1910, Aug Average, Belarus, BLR
12.4342, 1910, Sep Average, Belarus, BLR
4.96137, 1910, Oct Average, Belarus, BLR
0.19837, 1910, Nov Average, Belarus, BLR
-0.7229, 1910, Dec Average, Belarus, BLR
-5.2854, 1911, Jan Average, Belarus, BLR
-9.7591, 1911, Feb Average, Belarus, BLR
-1.0644, 1911, Mar Average, Belarus, BLR
6.59927, 1911, Apr Average, Belarus, BLR
14.2651, 1911, May Average, Belarus, BLR
14.9159, 1911, Jun Average, Belarus, BLR
16.5986, 1911, Jul Average, Belarus, BLR
17.8721, 1911, Aug Average, Belarus, BLR
12.5859, 1911, Sep Average, Belarus, BLR
6.98471, 1911, Oct Average, Belarus, BLR
2.38676, 1911, Nov Average, Belarus, BLR
-3.3323, 1911, Dec Average, Belarus, BLR
-11.294, 1912, Jan Average, Belarus, BLR
-7.2667, 1912, Feb Average, Belarus, BLR
2.34877, 1912, Mar Average, Belarus, BLR
4.70037, 1912, Apr Average, Belarus, BLR
10.4539, 1912, May Average, Belarus, BLR
18.0554, 1912, Jun Average, Belarus, BLR
17.5315, 1912, Jul Average, Belarus, BLR
17.0981, 1912, Aug Average, Belarus, BLR
10.3943, 1912, Sep Average, Belarus, BLR
2.75281, 1912, Oct Average, Belarus, BLR
0.20031, 1912, Nov Average, Belarus, BLR
0.01407, 1912, Dec Average, Belarus, BLR
-6.1906, 1913, Jan Average, Belarus, BLR
-4.1884, 1913, Feb Average, Belarus, BLR
2.66457, 1913, Mar Average, Belarus, BLR
9.3198, 1913, Apr Average, Belarus, BLR
11.4282, 1913, May Average, Belarus, BLR
14.7869, 1913, Jun Average, Belarus, BLR
17.4783, 1913, Jul Average, Belarus, BLR
18.0449, 1913, Aug Average, Belarus, BLR
13.1174, 1913, Sep Average, Belarus, BLR
6.25365, 1913, Oct Average, Belarus, BLR
3.5701, 1913, Nov Average, Belarus, BLR
-1.1715, 1913, Dec Average, Belarus, BLR
-6.1503, 1914, Jan Average, Belarus, BLR
-0.2224, 1914, Feb Average, Belarus, BLR
1.63299, 1914, Mar Average, Belarus, BLR
7.37605, 1914, Apr Average, Belarus, BLR
13.8282, 1914, May Average, Belarus, BLR
17.2077, 1914, Jun Average, Belarus, BLR
20.1978, 1914, Jul Average, Belarus, BLR
15.7427, 1914, Aug Average, Belarus, BLR
10.765, 1914, Sep Average, Belarus, BLR
4.42629, 1914, Oct Average, Belarus, BLR
-1.785, 1914, Nov Average, Belarus, BLR
-0.6459, 1914, Dec Average, Belarus, BLR
-4.2891, 1915, Jan Average, Belarus, BLR
-4.039, 1915, Feb Average, Belarus, BLR
-4.9377, 1915, Mar Average, Belarus, BLR
6.59661, 1915, Apr Average, Belarus, BLR
12.5745, 1915, May Average, Belarus, BLR
16.2317, 1915, Jun Average, Belarus, BLR
18.9, 1915, Jul Average, Belarus, BLR
15.8461, 1915, Aug Average, Belarus, BLR
11.7658, 1915, Sep Average, Belarus, BLR
4.73385, 1915, Oct Average, Belarus, BLR
-0.0151, 1915, Nov Average, Belarus, BLR
-3.8099, 1915, Dec Average, Belarus, BLR
-2.9556, 1916, Jan Average, Belarus, BLR
-3.3759, 1916, Feb Average, Belarus, BLR
-0.5798, 1916, Mar Average, Belarus, BLR
8.04199, 1916, Apr Average, Belarus, BLR
11.6401, 1916, May Average, Belarus, BLR
15.6189, 1916, Jun Average, Belarus, BLR
18.2014, 1916, Jul Average, Belarus, BLR
15.3923, 1916, Aug Average, Belarus, BLR
11.9512, 1916, Sep Average, Belarus, BLR
5.9975, 1916, Oct Average, Belarus, BLR
1.86804, 1916, Nov Average, Belarus, BLR
-3.0897, 1916, Dec Average, Belarus, BLR
-8.7282, 1917, Jan Average, Belarus, BLR
-11.479, 1917, Feb Average, Belarus, BLR
-6.4791, 1917, Mar Average, Belarus, BLR
5.87551, 1917, Apr Average, Belarus, BLR
11.3181, 1917, May Average, Belarus, BLR
19.3327, 1917, Jun Average, Belarus, BLR
17.1388, 1917, Jul Average, Belarus, BLR
18.5567, 1917, Aug Average, Belarus, BLR
12.885, 1917, Sep Average, Belarus, BLR
8.06881, 1917, Oct Average, Belarus, BLR
3.41159, 1917, Nov Average, Belarus, BLR
-4.8097, 1917, Dec Average, Belarus, BLR
-4.1372, 1918, Jan Average, Belarus, BLR
-4.1804, 1918, Feb Average, Belarus, BLR
-1.3275, 1918, Mar Average, Belarus, BLR
10.4207, 1918, Apr Average, Belarus, BLR
11.3916, 1918, May Average, Belarus, BLR
14.5354, 1918, Jun Average, Belarus, BLR
17.7749, 1918, Jul Average, Belarus, BLR
16.0904, 1918, Aug Average, Belarus, BLR
13.2999, 1918, Sep Average, Belarus, BLR
9.76276, 1918, Oct Average, Belarus, BLR
0.48325, 1918, Nov Average, Belarus, BLR
-4.0363, 1918, Dec Average, Belarus, BLR
-5.3333, 1919, Jan Average, Belarus, BLR
-5.7527, 1919, Feb Average, Belarus, BLR
-1.884, 1919, Mar Average, Belarus, BLR
7.15778, 1919, Apr Average, Belarus, BLR
10.5914, 1919, May Average, Belarus, BLR
15.7047, 1919, Jun Average, Belarus, BLR
18.0119, 1919, Jul Average, Belarus, BLR
15.2263, 1919, Aug Average, Belarus, BLR
15.1268, 1919, Sep Average, Belarus, BLR
5.97783, 1919, Oct Average, Belarus, BLR
-4.4238, 1919, Nov Average, Belarus, BLR
-4.5448, 1919, Dec Average, Belarus, BLR
-6.1277, 1920, Jan Average, Belarus, BLR
-4.3124, 1920, Feb Average, Belarus, BLR
1.98622, 1920, Mar Average, Belarus, BLR
11.7537, 1920, Apr Average, Belarus, BLR
15.4911, 1920, May Average, Belarus, BLR
14.8113, 1920, Jun Average, Belarus, BLR
19.7069, 1920, Jul Average, Belarus, BLR
18.4237, 1920, Aug Average, Belarus, BLR
13.3544, 1920, Sep Average, Belarus, BLR
2.86784, 1920, Oct Average, Belarus, BLR
-1.0083, 1920, Nov Average, Belarus, BLR
-5.7274, 1920, Dec Average, Belarus, BLR
-2.7066, 1921, Jan Average, Belarus, BLR
-6.8778, 1921, Feb Average, Belarus, BLR
3.6863, 1921, Mar Average, Belarus, BLR
9.99973, 1921, Apr Average, Belarus, BLR
16.0334, 1921, May Average, Belarus, BLR
16.5446, 1921, Jun Average, Belarus, BLR
17.3316, 1921, Jul Average, Belarus, BLR
18.0023, 1921, Aug Average, Belarus, BLR
11.0574, 1921, Sep Average, Belarus, BLR
6.7413, 1921, Oct Average, Belarus, BLR
-3.4309, 1921, Nov Average, Belarus, BLR
-6.014, 1921, Dec Average, Belarus, BLR
-9.2627, 1922, Jan Average, Belarus, BLR
-6.5377, 1922, Feb Average, Belarus, BLR
-0.3495, 1922, Mar Average, Belarus, BLR
5.96228, 1922, Apr Average, Belarus, BLR
12.9669, 1922, May Average, Belarus, BLR
15.9942, 1922, Jun Average, Belarus, BLR
18.4704, 1922, Jul Average, Belarus, BLR
16.5934, 1922, Aug Average, Belarus, BLR
11.1489, 1922, Sep Average, Belarus, BLR
3.75234, 1922, Oct Average, Belarus, BLR
-0.1212, 1922, Nov Average, Belarus, BLR
-2.9622, 1922, Dec Average, Belarus, BLR
-3.2199, 1923, Jan Average, Belarus, BLR
-9.4003, 1923, Feb Average, Belarus, BLR
0.03228, 1923, Mar Average, Belarus, BLR
4.41345, 1923, Apr Average, Belarus, BLR
13.2863, 1923, May Average, Belarus, BLR
13.5074, 1923, Jun Average, Belarus, BLR
17.5593, 1923, Jul Average, Belarus, BLR
14.9911, 1923, Aug Average, Belarus, BLR
13.8663, 1923, Sep Average, Belarus, BLR
8.86046, 1923, Oct Average, Belarus, BLR
3.76565, 1923, Nov Average, Belarus, BLR
-4.3755, 1923, Dec Average, Belarus, BLR
-11.582, 1924, Jan Average, Belarus, BLR
-8.0234, 1924, Feb Average, Belarus, BLR
-3.6373, 1924, Mar Average, Belarus, BLR
4.16687, 1924, Apr Average, Belarus, BLR
14.9243, 1924, May Average, Belarus, BLR
17.7876, 1924, Jun Average, Belarus, BLR
17.0394, 1924, Jul Average, Belarus, BLR
17.1398, 1924, Aug Average, Belarus, BLR
14.7929, 1924, Sep Average, Belarus, BLR
7.46341, 1924, Oct Average, Belarus, BLR
0.67417, 1924, Nov Average, Belarus, BLR
-4.1354, 1924, Dec Average, Belarus, BLR
-0.6708, 1925, Jan Average, Belarus, BLR
0.72944, 1925, Feb Average, Belarus, BLR
-0.2569, 1925, Mar Average, Belarus, BLR
8.33738, 1925, Apr Average, Belarus, BLR
15.5554, 1925, May Average, Belarus, BLR
14.2165, 1925, Jun Average, Belarus, BLR
19.2747, 1925, Jul Average, Belarus, BLR
16.7103, 1925, Aug Average, Belarus, BLR
11.6616, 1925, Sep Average, Belarus, BLR
5.46085, 1925, Oct Average, Belarus, BLR
0.09566, 1925, Nov Average, Belarus, BLR
-4.2537, 1925, Dec Average, Belarus, BLR
-7.2494, 1926, Jan Average, Belarus, BLR
-5.0163, 1926, Feb Average, Belarus, BLR
-2.4336, 1926, Mar Average, Belarus, BLR
7.11233, 1926, Apr Average, Belarus, BLR
13.7595, 1926, May Average, Belarus, BLR
16.9648, 1926, Jun Average, Belarus, BLR
19.006, 1926, Jul Average, Belarus, BLR
14.8612, 1926, Aug Average, Belarus, BLR
12.2251, 1926, Sep Average, Belarus, BLR
5.24356, 1926, Oct Average, Belarus, BLR
5.38284, 1926, Nov Average, Belarus, BLR
-4.6689, 1926, Dec Average, Belarus, BLR
-8.3525, 1927, Jan Average, Belarus, BLR
-6.2823, 1927, Feb Average, Belarus, BLR
1.54667, 1927, Mar Average, Belarus, BLR
5.73519, 1927, Apr Average, Belarus, BLR
10.0696, 1927, May Average, Belarus, BLR
16.8407, 1927, Jun Average, Belarus, BLR
19.9734, 1927, Jul Average, Belarus, BLR
18.6623, 1927, Aug Average, Belarus, BLR
13.8045, 1927, Sep Average, Belarus, BLR
6.96866, 1927, Oct Average, Belarus, BLR
-0.3042, 1927, Nov Average, Belarus, BLR
-9.1572, 1927, Dec Average, Belarus, BLR
-4.8001, 1928, Jan Average, Belarus, BLR
-6.919, 1928, Feb Average, Belarus, BLR
-4.0187, 1928, Mar Average, Belarus, BLR
5.24705, 1928, Apr Average, Belarus, BLR
12.3184, 1928, May Average, Belarus, BLR
12.7088, 1928, Jun Average, Belarus, BLR
17.4584, 1928, Jul Average, Belarus, BLR
15.3351, 1928, Aug Average, Belarus, BLR
12.2482, 1928, Sep Average, Belarus, BLR
6.36197, 1928, Oct Average, Belarus, BLR
4.61256, 1928, Nov Average, Belarus, BLR
-4.5236, 1928, Dec Average, Belarus, BLR
-10.168, 1929, Jan Average, Belarus, BLR
-15.736, 1929, Feb Average, Belarus, BLR
-4.4301, 1929, Mar Average, Belarus, BLR
1.20486, 1929, Apr Average, Belarus, BLR
15.3057, 1929, May Average, Belarus, BLR
14.081, 1929, Jun Average, Belarus, BLR
17.5501, 1929, Jul Average, Belarus, BLR
18.9043, 1929, Aug Average, Belarus, BLR
11.7238, 1929, Sep Average, Belarus, BLR
9.79168, 1929, Oct Average, Belarus, BLR
2.92355, 1929, Nov Average, Belarus, BLR
-1.2893, 1929, Dec Average, Belarus, BLR
-2.5332, 1930, Jan Average, Belarus, BLR
-5.263, 1930, Feb Average, Belarus, BLR
0.90211, 1930, Mar Average, Belarus, BLR
8.68053, 1930, Apr Average, Belarus, BLR
13.3083, 1930, May Average, Belarus, BLR
16.5572, 1930, Jun Average, Belarus, BLR
17.1368, 1930, Jul Average, Belarus, BLR
17.4521, 1930, Aug Average, Belarus, BLR
11.2667, 1930, Sep Average, Belarus, BLR
7.98171, 1930, Oct Average, Belarus, BLR
2.87035, 1930, Nov Average, Belarus, BLR
-6.3204, 1930, Dec Average, Belarus, BLR
-6.9845, 1931, Jan Average, Belarus, BLR
-9.3505, 1931, Feb Average, Belarus, BLR
-4.0136, 1931, Mar Average, Belarus, BLR
3.84345, 1931, Apr Average, Belarus, BLR
16.1746, 1931, May Average, Belarus, BLR
15.5697, 1931, Jun Average, Belarus, BLR
19.4989, 1931, Jul Average, Belarus, BLR
17.1057, 1931, Aug Average, Belarus, BLR
10.4648, 1931, Sep Average, Belarus, BLR
5.63614, 1931, Oct Average, Belarus, BLR
-0.337, 1931, Nov Average, Belarus, BLR
-3.3468, 1931, Dec Average, Belarus, BLR
-2.5439, 1932, Jan Average, Belarus, BLR
-10.383, 1932, Feb Average, Belarus, BLR
-5.6861, 1932, Mar Average, Belarus, BLR
6.04706, 1932, Apr Average, Belarus, BLR
15.533, 1932, May Average, Belarus, BLR
15.9641, 1932, Jun Average, Belarus, BLR
20.6952, 1932, Jul Average, Belarus, BLR
18.5126, 1932, Aug Average, Belarus, BLR
14.6877, 1932, Sep Average, Belarus, BLR
7.89357, 1932, Oct Average, Belarus, BLR
1.49288, 1932, Nov Average, Belarus, BLR
-0.2076, 1932, Dec Average, Belarus, BLR
-9.7179, 1933, Jan Average, Belarus, BLR
-5.5334, 1933, Feb Average, Belarus, BLR
-0.685, 1933, Mar Average, Belarus, BLR
4.00913, 1933, Apr Average, Belarus, BLR
11.3307, 1933, May Average, Belarus, BLR
14.7518, 1933, Jun Average, Belarus, BLR
18.776, 1933, Jul Average, Belarus, BLR
15.4526, 1933, Aug Average, Belarus, BLR
11.7544, 1933, Sep Average, Belarus, BLR
7.10341, 1933, Oct Average, Belarus, BLR
-0.3627, 1933, Nov Average, Belarus, BLR
-9.4345, 1933, Dec Average, Belarus, BLR
-5.3899, 1934, Jan Average, Belarus, BLR
-2.9888, 1934, Feb Average, Belarus, BLR
1.60841, 1934, Mar Average, Belarus, BLR
9.48598, 1934, Apr Average, Belarus, BLR
15.1109, 1934, May Average, Belarus, BLR
16.2565, 1934, Jun Average, Belarus, BLR
18.5863, 1934, Jul Average, Belarus, BLR
18.1808, 1934, Aug Average, Belarus, BLR
15.0229, 1934, Sep Average, Belarus, BLR
9.45214, 1934, Oct Average, Belarus, BLR
3.95104, 1934, Nov Average, Belarus, BLR
-5.6884, 1934, Dec Average, Belarus, BLR
-9.3118, 1935, Jan Average, Belarus, BLR
-3.553, 1935, Feb Average, Belarus, BLR
-1.2878, 1935, Mar Average, Belarus, BLR
6.77606, 1935, Apr Average, Belarus, BLR
10.8556, 1935, May Average, Belarus, BLR
18.0735, 1935, Jun Average, Belarus, BLR
15.9371, 1935, Jul Average, Belarus, BLR
16.8931, 1935, Aug Average, Belarus, BLR
13.0283, 1935, Sep Average, Belarus, BLR
9.93478, 1935, Oct Average, Belarus, BLR
-0.0657, 1935, Nov Average, Belarus, BLR
-2.176, 1935, Dec Average, Belarus, BLR
-1.4127, 1936, Jan Average, Belarus, BLR
-8.044, 1936, Feb Average, Belarus, BLR
1.87614, 1936, Mar Average, Belarus, BLR
6.95956, 1936, Apr Average, Belarus, BLR
14.6274, 1936, May Average, Belarus, BLR
18.3042, 1936, Jun Average, Belarus, BLR
21.6536, 1936, Jul Average, Belarus, BLR
17.0834, 1936, Aug Average, Belarus, BLR
11.4988, 1936, Sep Average, Belarus, BLR
4.19985, 1936, Oct Average, Belarus, BLR
1.56595, 1936, Nov Average, Belarus, BLR
-0.8853, 1936, Dec Average, Belarus, BLR
-9.6899, 1937, Jan Average, Belarus, BLR
-4.5891, 1937, Feb Average, Belarus, BLR
0.797, 1937, Mar Average, Belarus, BLR
7.93163, 1937, Apr Average, Belarus, BLR
16.3144, 1937, May Average, Belarus, BLR
18.1664, 1937, Jun Average, Belarus, BLR
18.0646, 1937, Jul Average, Belarus, BLR
18.6861, 1937, Aug Average, Belarus, BLR
15.3898, 1937, Sep Average, Belarus, BLR
7.5407, 1937, Oct Average, Belarus, BLR
1.94545, 1937, Nov Average, Belarus, BLR
-5.5818, 1937, Dec Average, Belarus, BLR
-5.646, 1938, Jan Average, Belarus, BLR
-3.2599, 1938, Feb Average, Belarus, BLR
3.02751, 1938, Mar Average, Belarus, BLR
5.26521, 1938, Apr Average, Belarus, BLR
12.416, 1938, May Average, Belarus, BLR
16.5038, 1938, Jun Average, Belarus, BLR
20.4452, 1938, Jul Average, Belarus, BLR
20.3009, 1938, Aug Average, Belarus, BLR
14.6684, 1938, Sep Average, Belarus, BLR
8.80558, 1938, Oct Average, Belarus, BLR
4.10699, 1938, Nov Average, Belarus, BLR
-6.8049, 1938, Dec Average, Belarus, BLR
-3.8473, 1939, Jan Average, Belarus, BLR
-0.7169, 1939, Feb Average, Belarus, BLR
-1.4491, 1939, Mar Average, Belarus, BLR
7.43407, 1939, Apr Average, Belarus, BLR
12.4613, 1939, May Average, Belarus, BLR
17.747, 1939, Jun Average, Belarus, BLR
19.9269, 1939, Jul Average, Belarus, BLR
20.3742, 1939, Aug Average, Belarus, BLR
12.3943, 1939, Sep Average, Belarus, BLR
3.9738, 1939, Oct Average, Belarus, BLR
1.67366, 1939, Nov Average, Belarus, BLR
-4.884, 1939, Dec Average, Belarus, BLR
-14.412, 1940, Jan Average, Belarus, BLR
-12.74, 1940, Feb Average, Belarus, BLR
-4.8185, 1940, Mar Average, Belarus, BLR
5.00342, 1940, Apr Average, Belarus, BLR
13.2972, 1940, May Average, Belarus, BLR
17.3451, 1940, Jun Average, Belarus, BLR
18.5115, 1940, Jul Average, Belarus, BLR
16.1713, 1940, Aug Average, Belarus, BLR
12.4951, 1940, Sep Average, Belarus, BLR
4.73759, 1940, Oct Average, Belarus, BLR
3.60124, 1940, Nov Average, Belarus, BLR
-6.2737, 1940, Dec Average, Belarus, BLR
-12.701, 1941, Jan Average, Belarus, BLR
-5.7817, 1941, Feb Average, Belarus, BLR
-2.3812, 1941, Mar Average, Belarus, BLR
4.38422, 1941, Apr Average, Belarus, BLR
9.68078, 1941, May Average, Belarus, BLR
14.8781, 1941, Jun Average, Belarus, BLR
19.3457, 1941, Jul Average, Belarus, BLR
16.9268, 1941, Aug Average, Belarus, BLR
10.3937, 1941, Sep Average, Belarus, BLR
3.85625, 1941, Oct Average, Belarus, BLR
-4.0284, 1941, Nov Average, Belarus, BLR
-5.2934, 1941, Dec Average, Belarus, BLR
-16.008, 1942, Jan Average, Belarus, BLR
-10.491, 1942, Feb Average, Belarus, BLR
-8.1215, 1942, Mar Average, Belarus, BLR
4.58682, 1942, Apr Average, Belarus, BLR
11.708, 1942, May Average, Belarus, BLR
14.3723, 1942, Jun Average, Belarus, BLR
17.3275, 1942, Jul Average, Belarus, BLR
18.3308, 1942, Aug Average, Belarus, BLR
13.9531, 1942, Sep Average, Belarus, BLR
7.91609, 1942, Oct Average, Belarus, BLR
-1.357, 1942, Nov Average, Belarus, BLR
-2.9886, 1942, Dec Average, Belarus, BLR
-10.446, 1943, Jan Average, Belarus, BLR
-1.8517, 1943, Feb Average, Belarus, BLR
0.91016, 1943, Mar Average, Belarus, BLR
8.26663, 1943, Apr Average, Belarus, BLR
11.7835, 1943, May Average, Belarus, BLR
16.6347, 1943, Jun Average, Belarus, BLR
16.7498, 1943, Jul Average, Belarus, BLR
17.8771, 1943, Aug Average, Belarus, BLR
13.3169, 1943, Sep Average, Belarus, BLR
8.16279, 1943, Oct Average, Belarus, BLR
1.28816, 1943, Nov Average, Belarus, BLR
-2.4641, 1943, Dec Average, Belarus, BLR
-2.4799, 1944, Jan Average, Belarus, BLR
-3.4608, 1944, Feb Average, Belarus, BLR
-1.1143, 1944, Mar Average, Belarus, BLR
4.45638, 1944, Apr Average, Belarus, BLR
12.0915, 1944, May Average, Belarus, BLR
15.6815, 1944, Jun Average, Belarus, BLR
19.2266, 1944, Jul Average, Belarus, BLR
18.185, 1944, Aug Average, Belarus, BLR
13.2176, 1944, Sep Average, Belarus, BLR
7.70794, 1944, Oct Average, Belarus, BLR
1.58921, 1944, Nov Average, Belarus, BLR
-3.9342, 1944, Dec Average, Belarus, BLR
-8.0464, 1945, Jan Average, Belarus, BLR
-4.3572, 1945, Feb Average, Belarus, BLR
-1.3575, 1945, Mar Average, Belarus, BLR
6.14751, 1945, Apr Average, Belarus, BLR
11.1129, 1945, May Average, Belarus, BLR
15.2229, 1945, Jun Average, Belarus, BLR
18.2197, 1945, Jul Average, Belarus, BLR
17.5896, 1945, Aug Average, Belarus, BLR
12.4151, 1945, Sep Average, Belarus, BLR
5.60457, 1945, Oct Average, Belarus, BLR
0.2705, 1945, Nov Average, Belarus, BLR
-5.5875, 1945, Dec Average, Belarus, BLR
-5.8699, 1946, Jan Average, Belarus, BLR
-5.2053, 1946, Feb Average, Belarus, BLR
-0.8555, 1946, Mar Average, Belarus, BLR
7.86311, 1946, Apr Average, Belarus, BLR
13.8837, 1946, May Average, Belarus, BLR
17.4818, 1946, Jun Average, Belarus, BLR
19.0709, 1946, Jul Average, Belarus, BLR
18.8339, 1946, Aug Average, Belarus, BLR
13.5245, 1946, Sep Average, Belarus, BLR
2.80653, 1946, Oct Average, Belarus, BLR
-1.6931, 1946, Nov Average, Belarus, BLR
-5.747, 1946, Dec Average, Belarus, BLR
-9.7806, 1947, Jan Average, Belarus, BLR
-12.227, 1947, Feb Average, Belarus, BLR
-2.193, 1947, Mar Average, Belarus, BLR
7.16943, 1947, Apr Average, Belarus, BLR
13.4226, 1947, May Average, Belarus, BLR
18.0653, 1947, Jun Average, Belarus, BLR
18.9654, 1947, Jul Average, Belarus, BLR
16.8055, 1947, Aug Average, Belarus, BLR
13.9794, 1947, Sep Average, Belarus, BLR
4.4398, 1947, Oct Average, Belarus, BLR
0.79415, 1947, Nov Average, Belarus, BLR
-1.431, 1947, Dec Average, Belarus, BLR
-3.1683, 1948, Jan Average, Belarus, BLR
-6.8623, 1948, Feb Average, Belarus, BLR
-1.054, 1948, Mar Average, Belarus, BLR
9.062, 1948, Apr Average, Belarus, BLR
15.286, 1948, May Average, Belarus, BLR
17.7719, 1948, Jun Average, Belarus, BLR
17.2484, 1948, Jul Average, Belarus, BLR
17.5731, 1948, Aug Average, Belarus, BLR
12.7031, 1948, Sep Average, Belarus, BLR
6.63546, 1948, Oct Average, Belarus, BLR
0.53624, 1948, Nov Average, Belarus, BLR
-3.8711, 1948, Dec Average, Belarus, BLR
-2.6087, 1949, Jan Average, Belarus, BLR
-3.1863, 1949, Feb Average, Belarus, BLR
-1.5746, 1949, Mar Average, Belarus, BLR
7.01532, 1949, Apr Average, Belarus, BLR
15.4283, 1949, May Average, Belarus, BLR
15.6662, 1949, Jun Average, Belarus, BLR
17.4333, 1949, Jul Average, Belarus, BLR
16.2532, 1949, Aug Average, Belarus, BLR
13.9978, 1949, Sep Average, Belarus, BLR
6.95995, 1949, Oct Average, Belarus, BLR
3.1875, 1949, Nov Average, Belarus, BLR
-0.3579, 1949, Dec Average, Belarus, BLR
-13.393, 1950, Jan Average, Belarus, BLR
-2.2748, 1950, Feb Average, Belarus, BLR
0.31774, 1950, Mar Average, Belarus, BLR
10.6019, 1950, Apr Average, Belarus, BLR
13.7136, 1950, May Average, Belarus, BLR
15.8937, 1950, Jun Average, Belarus, BLR
16.7467, 1950, Jul Average, Belarus, BLR
16.0849, 1950, Aug Average, Belarus, BLR
13.2294, 1950, Sep Average, Belarus, BLR
6.16577, 1950, Oct Average, Belarus, BLR
1.60792, 1950, Nov Average, Belarus, BLR
-1.7365, 1950, Dec Average, Belarus, BLR
-6.5954, 1951, Jan Average, Belarus, BLR
-6.5186, 1951, Feb Average, Belarus, BLR
-2.0335, 1951, Mar Average, Belarus, BLR
8.47976, 1951, Apr Average, Belarus, BLR
11.2122, 1951, May Average, Belarus, BLR
17.1677, 1951, Jun Average, Belarus, BLR
18.0072, 1951, Jul Average, Belarus, BLR
19.1996, 1951, Aug Average, Belarus, BLR
13.8057, 1951, Sep Average, Belarus, BLR
4.20819, 1951, Oct Average, Belarus, BLR
1.38892, 1951, Nov Average, Belarus, BLR
-0.3446, 1951, Dec Average, Belarus, BLR
-2.223, 1952, Jan Average, Belarus, BLR
-4.5919, 1952, Feb Average, Belarus, BLR
-8.2895, 1952, Mar Average, Belarus, BLR
8.28372, 1952, Apr Average, Belarus, BLR
10.7256, 1952, May Average, Belarus, BLR
15.3717, 1952, Jun Average, Belarus, BLR
17.9167, 1952, Jul Average, Belarus, BLR
18.0475, 1952, Aug Average, Belarus, BLR
11.5323, 1952, Sep Average, Belarus, BLR
6.11588, 1952, Oct Average, Belarus, BLR
0.17513, 1952, Nov Average, Belarus, BLR
-3.7487, 1952, Dec Average, Belarus, BLR
-5.9009, 1953, Jan Average, Belarus, BLR
-8.6243, 1953, Feb Average, Belarus, BLR
-0.6827, 1953, Mar Average, Belarus, BLR
7.29922, 1953, Apr Average, Belarus, BLR
12.281, 1953, May Average, Belarus, BLR
18.3838, 1953, Jun Average, Belarus, BLR
19.3948, 1953, Jul Average, Belarus, BLR
17.0736, 1953, Aug Average, Belarus, BLR
12.3633, 1953, Sep Average, Belarus, BLR
7.6249, 1953, Oct Average, Belarus, BLR
-0.9064, 1953, Nov Average, Belarus, BLR
-4.1452, 1953, Dec Average, Belarus, BLR
-11.687, 1954, Jan Average, Belarus, BLR
-13.216, 1954, Feb Average, Belarus, BLR
-0.1079, 1954, Mar Average, Belarus, BLR
4.07525, 1954, Apr Average, Belarus, BLR
14.4831, 1954, May Average, Belarus, BLR
19.14, 1954, Jun Average, Belarus, BLR
18.0883, 1954, Jul Average, Belarus, BLR
17.7639, 1954, Aug Average, Belarus, BLR
13.9559, 1954, Sep Average, Belarus, BLR
7.03726, 1954, Oct Average, Belarus, BLR
0.70373, 1954, Nov Average, Belarus, BLR
-1.4157, 1954, Dec Average, Belarus, BLR
-5.1739, 1955, Jan Average, Belarus, BLR
-5.1702, 1955, Feb Average, Belarus, BLR
-3.3142, 1955, Mar Average, Belarus, BLR
3.06458, 1955, Apr Average, Belarus, BLR
10.8654, 1955, May Average, Belarus, BLR
15.2781, 1955, Jun Average, Belarus, BLR
18.8786, 1955, Jul Average, Belarus, BLR
18.9914, 1955, Aug Average, Belarus, BLR
14.8055, 1955, Sep Average, Belarus, BLR
8.23923, 1955, Oct Average, Belarus, BLR
0.18028, 1955, Nov Average, Belarus, BLR
-5.2709, 1955, Dec Average, Belarus, BLR
-5.788, 1956, Jan Average, Belarus, BLR
-14.775, 1956, Feb Average, Belarus, BLR
-3.5445, 1956, Mar Average, Belarus, BLR
4.49957, 1956, Apr Average, Belarus, BLR
12.1042, 1956, May Average, Belarus, BLR
19.1377, 1956, Jun Average, Belarus, BLR
16.5207, 1956, Jul Average, Belarus, BLR
15.3592, 1956, Aug Average, Belarus, BLR
10.906, 1956, Sep Average, Belarus, BLR
6.75698, 1956, Oct Average, Belarus, BLR
-2.9159, 1956, Nov Average, Belarus, BLR
-3.1393, 1956, Dec Average, Belarus, BLR
-3.5959, 1957, Jan Average, Belarus, BLR
-0.1833, 1957, Feb Average, Belarus, BLR
-2.0197, 1957, Mar Average, Belarus, BLR
7.64516, 1957, Apr Average, Belarus, BLR
12.4263, 1957, May Average, Belarus, BLR
16.5886, 1957, Jun Average, Belarus, BLR
18.7242, 1957, Jul Average, Belarus, BLR
16.7153, 1957, Aug Average, Belarus, BLR
11.7796, 1957, Sep Average, Belarus, BLR
7.3839, 1957, Oct Average, Belarus, BLR
2.16133, 1957, Nov Average, Belarus, BLR
-3.8398, 1957, Dec Average, Belarus, BLR
-5.2795, 1958, Jan Average, Belarus, BLR
-3.8172, 1958, Feb Average, Belarus, BLR
-3.7438, 1958, Mar Average, Belarus, BLR
4.087, 1958, Apr Average, Belarus, BLR
14.4018, 1958, May Average, Belarus, BLR
15.1436, 1958, Jun Average, Belarus, BLR
17.7435, 1958, Jul Average, Belarus, BLR
16.4236, 1958, Aug Average, Belarus, BLR
11.6549, 1958, Sep Average, Belarus, BLR
8.16545, 1958, Oct Average, Belarus, BLR
1.82654, 1958, Nov Average, Belarus, BLR
-2.4281, 1958, Dec Average, Belarus, BLR
-2.7146, 1959, Jan Average, Belarus, BLR
-3.1206, 1959, Feb Average, Belarus, BLR
1.20324, 1959, Mar Average, Belarus, BLR
7.3646, 1959, Apr Average, Belarus, BLR
12.2441, 1959, May Average, Belarus, BLR
17.3, 1959, Jun Average, Belarus, BLR
21.0834, 1959, Jul Average, Belarus, BLR
18.4023, 1959, Aug Average, Belarus, BLR
10.2509, 1959, Sep Average, Belarus, BLR
5.31623, 1959, Oct Average, Belarus, BLR
-0.1223, 1959, Nov Average, Belarus, BLR
-6.2862, 1959, Dec Average, Belarus, BLR
-6.5747, 1960, Jan Average, Belarus, BLR
-6.3234, 1960, Feb Average, Belarus, BLR
-3.3338, 1960, Mar Average, Belarus, BLR
6.13848, 1960, Apr Average, Belarus, BLR
13.1517, 1960, May Average, Belarus, BLR
17.5576, 1960, Jun Average, Belarus, BLR
19.0601, 1960, Jul Average, Belarus, BLR
16.8086, 1960, Aug Average, Belarus, BLR
10.9239, 1960, Sep Average, Belarus, BLR
6.64542, 1960, Oct Average, Belarus, BLR
2.25878, 1960, Nov Average, Belarus, BLR
1.73013, 1960, Dec Average, Belarus, BLR
-4.9491, 1961, Jan Average, Belarus, BLR
-1.266, 1961, Feb Average, Belarus, BLR
2.59314, 1961, Mar Average, Belarus, BLR
7.60955, 1961, Apr Average, Belarus, BLR
12.1521, 1961, May Average, Belarus, BLR
18.1978, 1961, Jun Average, Belarus, BLR
17.6118, 1961, Jul Average, Belarus, BLR
16.2207, 1961, Aug Average, Belarus, BLR
12.5096, 1961, Sep Average, Belarus, BLR
7.84089, 1961, Oct Average, Belarus, BLR
1.90515, 1961, Nov Average, Belarus, BLR
-5.3659, 1961, Dec Average, Belarus, BLR
-2.5277, 1962, Jan Average, Belarus, BLR
-5.224, 1962, Feb Average, Belarus, BLR
-4.7368, 1962, Mar Average, Belarus, BLR
8.83197, 1962, Apr Average, Belarus, BLR
12.1386, 1962, May Average, Belarus, BLR
14.3119, 1962, Jun Average, Belarus, BLR
15.947, 1962, Jul Average, Belarus, BLR
16.1849, 1962, Aug Average, Belarus, BLR
11.8142, 1962, Sep Average, Belarus, BLR
7.58104, 1962, Oct Average, Belarus, BLR
2.87027, 1962, Nov Average, Belarus, BLR
-6.0199, 1962, Dec Average, Belarus, BLR
-13.996, 1963, Jan Average, Belarus, BLR
-8.9899, 1963, Feb Average, Belarus, BLR
-6.0197, 1963, Mar Average, Belarus, BLR
5.43299, 1963, Apr Average, Belarus, BLR
16.7291, 1963, May Average, Belarus, BLR
15.7326, 1963, Jun Average, Belarus, BLR
19.9614, 1963, Jul Average, Belarus, BLR
19.3452, 1963, Aug Average, Belarus, BLR
14.3256, 1963, Sep Average, Belarus, BLR
7.22994, 1963, Oct Average, Belarus, BLR
2.86446, 1963, Nov Average, Belarus, BLR
-7.428, 1963, Dec Average, Belarus, BLR
-6.1024, 1964, Jan Average, Belarus, BLR
-8.8207, 1964, Feb Average, Belarus, BLR
-5.1161, 1964, Mar Average, Belarus, BLR
6.35254, 1964, Apr Average, Belarus, BLR
12.1053, 1964, May Average, Belarus, BLR
19.8252, 1964, Jun Average, Belarus, BLR
18.9034, 1964, Jul Average, Belarus, BLR
15.5354, 1964, Aug Average, Belarus, BLR
12.5778, 1964, Sep Average, Belarus, BLR
7.48503, 1964, Oct Average, Belarus, BLR
0.96451, 1964, Nov Average, Belarus, BLR
-2.0573, 1964, Dec Average, Belarus, BLR
-5.6691, 1965, Jan Average, Belarus, BLR
-8.2179, 1965, Feb Average, Belarus, BLR
-2.1729, 1965, Mar Average, Belarus, BLR
4.56625, 1965, Apr Average, Belarus, BLR
9.86591, 1965, May Average, Belarus, BLR
15.9075, 1965, Jun Average, Belarus, BLR
16.3908, 1965, Jul Average, Belarus, BLR
15.6195, 1965, Aug Average, Belarus, BLR
13.8475, 1965, Sep Average, Belarus, BLR
6.02735, 1965, Oct Average, Belarus, BLR
-3.2917, 1965, Nov Average, Belarus, BLR
-1.7698, 1965, Dec Average, Belarus, BLR
-7.3852, 1966, Jan Average, Belarus, BLR
-5.5042, 1966, Feb Average, Belarus, BLR
1.01232, 1966, Mar Average, Belarus, BLR
8.27866, 1966, Apr Average, Belarus, BLR
14.8575, 1966, May Average, Belarus, BLR
17.0046, 1966, Jun Average, Belarus, BLR
18.8271, 1966, Jul Average, Belarus, BLR
17.0367, 1966, Aug Average, Belarus, BLR
11.4514, 1966, Sep Average, Belarus, BLR
8.84359, 1966, Oct Average, Belarus, BLR
0.55921, 1966, Nov Average, Belarus, BLR
-4.9601, 1966, Dec Average, Belarus, BLR
-10.91, 1967, Jan Average, Belarus, BLR
-5.5772, 1967, Feb Average, Belarus, BLR
1.84354, 1967, Mar Average, Belarus, BLR
7.28007, 1967, Apr Average, Belarus, BLR
15.3378, 1967, May Average, Belarus, BLR
16.4418, 1967, Jun Average, Belarus, BLR
18.4572, 1967, Jul Average, Belarus, BLR
17.2663, 1967, Aug Average, Belarus, BLR
14.1731, 1967, Sep Average, Belarus, BLR
10.1551, 1967, Oct Average, Belarus, BLR
3.264, 1967, Nov Average, Belarus, BLR
-5.869, 1967, Dec Average, Belarus, BLR
-11.237, 1968, Jan Average, Belarus, BLR
-5.6792, 1968, Feb Average, Belarus, BLR
-0.0839, 1968, Mar Average, Belarus, BLR
7.77486, 1968, Apr Average, Belarus, BLR
12.3342, 1968, May Average, Belarus, BLR
18.1924, 1968, Jun Average, Belarus, BLR
16.4299, 1968, Jul Average, Belarus, BLR
17.9495, 1968, Aug Average, Belarus, BLR
12.7696, 1968, Sep Average, Belarus, BLR
5.83296, 1968, Oct Average, Belarus, BLR
0.2123, 1968, Nov Average, Belarus, BLR
-4.2368, 1968, Dec Average, Belarus, BLR
-11.977, 1969, Jan Average, Belarus, BLR
-8.2776, 1969, Feb Average, Belarus, BLR
-4.9887, 1969, Mar Average, Belarus, BLR
6.01669, 1969, Apr Average, Belarus, BLR
13.1213, 1969, May Average, Belarus, BLR
15.7795, 1969, Jun Average, Belarus, BLR
17.9503, 1969, Jul Average, Belarus, BLR
16.7225, 1969, Aug Average, Belarus, BLR
12.011, 1969, Sep Average, Belarus, BLR
6.51271, 1969, Oct Average, Belarus, BLR
3.77848, 1969, Nov Average, Belarus, BLR
-8.6718, 1969, Dec Average, Belarus, BLR
-8.7764, 1970, Jan Average, Belarus, BLR
-8.4121, 1970, Feb Average, Belarus, BLR
-0.9717, 1970, Mar Average, Belarus, BLR
6.7477, 1970, Apr Average, Belarus, BLR
13.3916, 1970, May Average, Belarus, BLR
16.6715, 1970, Jun Average, Belarus, BLR
18.3272, 1970, Jul Average, Belarus, BLR
16.7793, 1970, Aug Average, Belarus, BLR
12.0779, 1970, Sep Average, Belarus, BLR
5.80621, 1970, Oct Average, Belarus, BLR
1.87469, 1970, Nov Average, Belarus, BLR
-3.0577, 1970, Dec Average, Belarus, BLR
-4.2863, 1971, Jan Average, Belarus, BLR
-4.2453, 1971, Feb Average, Belarus, BLR
-3.0182, 1971, Mar Average, Belarus, BLR
6.05407, 1971, Apr Average, Belarus, BLR
14.1403, 1971, May Average, Belarus, BLR
15.9554, 1971, Jun Average, Belarus, BLR
17.685, 1971, Jul Average, Belarus, BLR
18.4574, 1971, Aug Average, Belarus, BLR
11.3213, 1971, Sep Average, Belarus, BLR
6.62194, 1971, Oct Average, Belarus, BLR
0.4584, 1971, Nov Average, Belarus, BLR
-0.254, 1971, Dec Average, Belarus, BLR
-11.458, 1972, Jan Average, Belarus, BLR
-4.1696, 1972, Feb Average, Belarus, BLR
0.05951, 1972, Mar Average, Belarus, BLR
7.42877, 1972, Apr Average, Belarus, BLR
13.8858, 1972, May Average, Belarus, BLR
18.146, 1972, Jun Average, Belarus, BLR
20.7149, 1972, Jul Average, Belarus, BLR
18.7545, 1972, Aug Average, Belarus, BLR
12.108, 1972, Sep Average, Belarus, BLR
5.41286, 1972, Oct Average, Belarus, BLR
2.38084, 1972, Nov Average, Belarus, BLR
-0.7932, 1972, Dec Average, Belarus, BLR
-6.4686, 1973, Jan Average, Belarus, BLR
-1.3408, 1973, Feb Average, Belarus, BLR
0.77147, 1973, Mar Average, Belarus, BLR
7.44203, 1973, Apr Average, Belarus, BLR
12.8927, 1973, May Average, Belarus, BLR
17.0667, 1973, Jun Average, Belarus, BLR
18.6285, 1973, Jul Average, Belarus, BLR
16.8345, 1973, Aug Average, Belarus, BLR
10.4013, 1973, Sep Average, Belarus, BLR
5.23876, 1973, Oct Average, Belarus, BLR
-0.1401, 1973, Nov Average, Belarus, BLR
-4.0341, 1973, Dec Average, Belarus, BLR
-5.8655, 1974, Jan Average, Belarus, BLR
-0.6536, 1974, Feb Average, Belarus, BLR
1.4852, 1974, Mar Average, Belarus, BLR
5.50687, 1974, Apr Average, Belarus, BLR
10.7768, 1974, May Average, Belarus, BLR
15.2776, 1974, Jun Average, Belarus, BLR
16.5125, 1974, Jul Average, Belarus, BLR
17.0083, 1974, Aug Average, Belarus, BLR
13.8545, 1974, Sep Average, Belarus, BLR
7.65475, 1974, Oct Average, Belarus, BLR
2.23476, 1974, Nov Average, Belarus, BLR
0.02933, 1974, Dec Average, Belarus, BLR
-0.7538, 1975, Jan Average, Belarus, BLR
-2.6117, 1975, Feb Average, Belarus, BLR
2.56197, 1975, Mar Average, Belarus, BLR
8.18036, 1975, Apr Average, Belarus, BLR
16.0845, 1975, May Average, Belarus, BLR
16.9955, 1975, Jun Average, Belarus, BLR
18.8166, 1975, Jul Average, Belarus, BLR
17.9834, 1975, Aug Average, Belarus, BLR
15.2104, 1975, Sep Average, Belarus, BLR
6.65916, 1975, Oct Average, Belarus, BLR
-0.8551, 1975, Nov Average, Belarus, BLR
-1.4761, 1975, Dec Average, Belarus, BLR
-7.7603, 1976, Jan Average, Belarus, BLR
-8.7572, 1976, Feb Average, Belarus, BLR
-2.4502, 1976, Mar Average, Belarus, BLR
7.03763, 1976, Apr Average, Belarus, BLR
11.5442, 1976, May Average, Belarus, BLR
14.3065, 1976, Jun Average, Belarus, BLR
17.5542, 1976, Jul Average, Belarus, BLR
15.4566, 1976, Aug Average, Belarus, BLR
11.918, 1976, Sep Average, Belarus, BLR
2.89743, 1976, Oct Average, Belarus, BLR
2.09721, 1976, Nov Average, Belarus, BLR
-2.66, 1976, Dec Average, Belarus, BLR
-7.0373, 1977, Jan Average, Belarus, BLR
-3.5636, 1977, Feb Average, Belarus, BLR
1.08939, 1977, Mar Average, Belarus, BLR
6.75554, 1977, Apr Average, Belarus, BLR
13.6427, 1977, May Average, Belarus, BLR
16.7257, 1977, Jun Average, Belarus, BLR
16.6943, 1977, Jul Average, Belarus, BLR
15.7296, 1977, Aug Average, Belarus, BLR
10.4122, 1977, Sep Average, Belarus, BLR
6.61796, 1977, Oct Average, Belarus, BLR
3.02828, 1977, Nov Average, Belarus, BLR
-5.0771, 1977, Dec Average, Belarus, BLR
-6.2339, 1978, Jan Average, Belarus, BLR
-7.4674, 1978, Feb Average, Belarus, BLR
1.45749, 1978, Mar Average, Belarus, BLR
6.33746, 1978, Apr Average, Belarus, BLR
11.3153, 1978, May Average, Belarus, BLR
15.0042, 1978, Jun Average, Belarus, BLR
16.2603, 1978, Jul Average, Belarus, BLR
16.1054, 1978, Aug Average, Belarus, BLR
10.4755, 1978, Sep Average, Belarus, BLR
6.46933, 1978, Oct Average, Belarus, BLR
4.49431, 1978, Nov Average, Belarus, BLR
-9.3896, 1978, Dec Average, Belarus, BLR
-8.075, 1979, Jan Average, Belarus, BLR
-8.2242, 1979, Feb Average, Belarus, BLR
0.18809, 1979, Mar Average, Belarus, BLR
5.58011, 1979, Apr Average, Belarus, BLR
15.2595, 1979, May Average, Belarus, BLR
19.1386, 1979, Jun Average, Belarus, BLR
14.9814, 1979, Jul Average, Belarus, BLR
17.3804, 1979, Aug Average, Belarus, BLR
12.9541, 1979, Sep Average, Belarus, BLR
4.83055, 1979, Oct Average, Belarus, BLR
0.67151, 1979, Nov Average, Belarus, BLR
-1.7919, 1979, Dec Average, Belarus, BLR
-9.0201, 1980, Jan Average, Belarus, BLR
-6.4472, 1980, Feb Average, Belarus, BLR
-4.7273, 1980, Mar Average, Belarus, BLR
6.41579, 1980, Apr Average, Belarus, BLR
9.05578, 1980, May Average, Belarus, BLR
16.7103, 1980, Jun Average, Belarus, BLR
17.2568, 1980, Jul Average, Belarus, BLR
15.7982, 1980, Aug Average, Belarus, BLR
12.4171, 1980, Sep Average, Belarus, BLR
7.72316, 1980, Oct Average, Belarus, BLR
-0.3952, 1980, Nov Average, Belarus, BLR
-2.4377, 1980, Dec Average, Belarus, BLR
-5.7663, 1981, Jan Average, Belarus, BLR
-3.7366, 1981, Feb Average, Belarus, BLR
-0.4597, 1981, Mar Average, Belarus, BLR
4.51763, 1981, Apr Average, Belarus, BLR
14.6412, 1981, May Average, Belarus, BLR
18.0036, 1981, Jun Average, Belarus, BLR
19.0451, 1981, Jul Average, Belarus, BLR
16.5093, 1981, Aug Average, Belarus, BLR
12.8924, 1981, Sep Average, Belarus, BLR
8.342, 1981, Oct Average, Belarus, BLR
1.03297, 1981, Nov Average, Belarus, BLR
-4.0266, 1981, Dec Average, Belarus, BLR
-6.2903, 1982, Jan Average, Belarus, BLR
-5.9873, 1982, Feb Average, Belarus, BLR
1.11955, 1982, Mar Average, Belarus, BLR
5.77329, 1982, Apr Average, Belarus, BLR
13.1228, 1982, May Average, Belarus, BLR
14.6423, 1982, Jun Average, Belarus, BLR
17.8665, 1982, Jul Average, Belarus, BLR
17.7187, 1982, Aug Average, Belarus, BLR
13.6818, 1982, Sep Average, Belarus, BLR
7.20807, 1982, Oct Average, Belarus, BLR
3.31052, 1982, Nov Average, Belarus, BLR
0.19463, 1982, Dec Average, Belarus, BLR
-0.669, 1983, Jan Average, Belarus, BLR
-5.0201, 1983, Feb Average, Belarus, BLR
0.6835, 1983, Mar Average, Belarus, BLR
9.59431, 1983, Apr Average, Belarus, BLR
16.1179, 1983, May Average, Belarus, BLR
15.9928, 1983, Jun Average, Belarus, BLR
17.9666, 1983, Jul Average, Belarus, BLR
17.7191, 1983, Aug Average, Belarus, BLR
14.3695, 1983, Sep Average, Belarus, BLR
7.52539, 1983, Oct Average, Belarus, BLR
0.54287, 1983, Nov Average, Belarus, BLR
-2.5505, 1983, Dec Average, Belarus, BLR
-2.8812, 1984, Jan Average, Belarus, BLR
-6.3413, 1984, Feb Average, Belarus, BLR
-1.0054, 1984, Mar Average, Belarus, BLR
8.76558, 1984, Apr Average, Belarus, BLR
14.8564, 1984, May Average, Belarus, BLR
14.4879, 1984, Jun Average, Belarus, BLR
16.0544, 1984, Jul Average, Belarus, BLR
16.9779, 1984, Aug Average, Belarus, BLR
13.0782, 1984, Sep Average, Belarus, BLR
8.9811, 1984, Oct Average, Belarus, BLR
-0.0071, 1984, Nov Average, Belarus, BLR
-4.5508, 1984, Dec Average, Belarus, BLR
-11.69, 1985, Jan Average, Belarus, BLR
-13.778, 1985, Feb Average, Belarus, BLR
-1.9655, 1985, Mar Average, Belarus, BLR
6.77, 1985, Apr Average, Belarus, BLR
14.6096, 1985, May Average, Belarus, BLR
15.3788, 1985, Jun Average, Belarus, BLR
16.6402, 1985, Jul Average, Belarus, BLR
18.9207, 1985, Aug Average, Belarus, BLR
11.0715, 1985, Sep Average, Belarus, BLR
7.85639, 1985, Oct Average, Belarus, BLR
-1.2125, 1985, Nov Average, Belarus, BLR
-3.0127, 1985, Dec Average, Belarus, BLR
-4.2814, 1986, Jan Average, Belarus, BLR
-11.771, 1986, Feb Average, Belarus, BLR
0.20165, 1986, Mar Average, Belarus, BLR
8.19356, 1986, Apr Average, Belarus, BLR
14.4582, 1986, May Average, Belarus, BLR
17.5253, 1986, Jun Average, Belarus, BLR
17.9444, 1986, Jul Average, Belarus, BLR
17.3808, 1986, Aug Average, Belarus, BLR
10.1398, 1986, Sep Average, Belarus, BLR
6.40484, 1986, Oct Average, Belarus, BLR
2.60564, 1986, Nov Average, Belarus, BLR
-4.1525, 1986, Dec Average, Belarus, BLR
-15.858, 1987, Jan Average, Belarus, BLR
-4.3803, 1987, Feb Average, Belarus, BLR
-5.5937, 1987, Mar Average, Belarus, BLR
4.5956, 1987, Apr Average, Belarus, BLR
12.5098, 1987, May Average, Belarus, BLR
16.2083, 1987, Jun Average, Belarus, BLR
17.4438, 1987, Jul Average, Belarus, BLR
14.9881, 1987, Aug Average, Belarus, BLR
11.5245, 1987, Sep Average, Belarus, BLR
6.20035, 1987, Oct Average, Belarus, BLR
1.30321, 1987, Nov Average, Belarus, BLR
-3.3188, 1987, Dec Average, Belarus, BLR
-4.4482, 1988, Jan Average, Belarus, BLR
-3.4692, 1988, Feb Average, Belarus, BLR
-0.2102, 1988, Mar Average, Belarus, BLR
6.21939, 1988, Apr Average, Belarus, BLR
14.9447, 1988, May Average, Belarus, BLR
17.4046, 1988, Jun Average, Belarus, BLR
20.0563, 1988, Jul Average, Belarus, BLR
16.8396, 1988, Aug Average, Belarus, BLR
13.0271, 1988, Sep Average, Belarus, BLR
6.04206, 1988, Oct Average, Belarus, BLR
-2.38, 1988, Nov Average, Belarus, BLR
-4.0295, 1988, Dec Average, Belarus, BLR
0.09119, 1989, Jan Average, Belarus, BLR
1.54364, 1989, Feb Average, Belarus, BLR
3.69972, 1989, Mar Average, Belarus, BLR
8.91649, 1989, Apr Average, Belarus, BLR
14.0224, 1989, May Average, Belarus, BLR
17.4523, 1989, Jun Average, Belarus, BLR
18.2117, 1989, Jul Average, Belarus, BLR
17.105, 1989, Aug Average, Belarus, BLR
13.6222, 1989, Sep Average, Belarus, BLR
7.85017, 1989, Oct Average, Belarus, BLR
-0.3977, 1989, Nov Average, Belarus, BLR
-2.0552, 1989, Dec Average, Belarus, BLR
-1.0205, 1990, Jan Average, Belarus, BLR
2.61007, 1990, Feb Average, Belarus, BLR
4.73567, 1990, Mar Average, Belarus, BLR
8.71749, 1990, Apr Average, Belarus, BLR
12.7229, 1990, May Average, Belarus, BLR
15.8542, 1990, Jun Average, Belarus, BLR
16.4902, 1990, Jul Average, Belarus, BLR
16.7641, 1990, Aug Average, Belarus, BLR
10.5744, 1990, Sep Average, Belarus, BLR
7.47486, 1990, Oct Average, Belarus, BLR
3.23316, 1990, Nov Average, Belarus, BLR
-2.4318, 1990, Dec Average, Belarus, BLR
-2.7322, 1991, Jan Average, Belarus, BLR
-5.5144, 1991, Feb Average, Belarus, BLR
1.10189, 1991, Mar Average, Belarus, BLR
7.39139, 1991, Apr Average, Belarus, BLR
11.2547, 1991, May Average, Belarus, BLR
16.104, 1991, Jun Average, Belarus, BLR
18.9058, 1991, Jul Average, Belarus, BLR
17.9899, 1991, Aug Average, Belarus, BLR
13.5281, 1991, Sep Average, Belarus, BLR
7.25239, 1991, Oct Average, Belarus, BLR
2.57713, 1991, Nov Average, Belarus, BLR
-2.738, 1991, Dec Average, Belarus, BLR
-2.6566, 1992, Jan Average, Belarus, BLR
-1.7873, 1992, Feb Average, Belarus, BLR
2.53077, 1992, Mar Average, Belarus, BLR
5.98916, 1992, Apr Average, Belarus, BLR
12.9659, 1992, May Average, Belarus, BLR
17.4135, 1992, Jun Average, Belarus, BLR
19.3908, 1992, Jul Average, Belarus, BLR
20.133, 1992, Aug Average, Belarus, BLR
12.7661, 1992, Sep Average, Belarus, BLR
4.21755, 1992, Oct Average, Belarus, BLR
0.50167, 1992, Nov Average, Belarus, BLR
-2.4779, 1992, Dec Average, Belarus, BLR
-2.6351, 1993, Jan Average, Belarus, BLR
-2.7255, 1993, Feb Average, Belarus, BLR
-0.1878, 1993, Mar Average, Belarus, BLR
7.59646, 1993, Apr Average, Belarus, BLR
15.974, 1993, May Average, Belarus, BLR
14.8046, 1993, Jun Average, Belarus, BLR
16.6035, 1993, Jul Average, Belarus, BLR
15.7406, 1993, Aug Average, Belarus, BLR
10.0406, 1993, Sep Average, Belarus, BLR
6.59641, 1993, Oct Average, Belarus, BLR
-4.7094, 1993, Nov Average, Belarus, BLR
-0.8956, 1993, Dec Average, Belarus, BLR
-0.8964, 1994, Jan Average, Belarus, BLR
-7.9222, 1994, Feb Average, Belarus, BLR
0.15221, 1994, Mar Average, Belarus, BLR
9.14601, 1994, Apr Average, Belarus, BLR
11.8783, 1994, May Average, Belarus, BLR
14.883, 1994, Jun Average, Belarus, BLR
20.4806, 1994, Jul Average, Belarus, BLR
17.8418, 1994, Aug Average, Belarus, BLR
15.0446, 1994, Sep Average, Belarus, BLR
5.93514, 1994, Oct Average, Belarus, BLR
0.78987, 1994, Nov Average, Belarus, BLR
-3.0624, 1994, Dec Average, Belarus, BLR
-4.7833, 1995, Jan Average, Belarus, BLR
0.79502, 1995, Feb Average, Belarus, BLR
2.15776, 1995, Mar Average, Belarus, BLR
7.32477, 1995, Apr Average, Belarus, BLR
12.835, 1995, May Average, Belarus, BLR
18.6003, 1995, Jun Average, Belarus, BLR
18.761, 1995, Jul Average, Belarus, BLR
17.9693, 1995, Aug Average, Belarus, BLR
12.7722, 1995, Sep Average, Belarus, BLR
8.28289, 1995, Oct Average, Belarus, BLR
-1.3296, 1995, Nov Average, Belarus, BLR
-7.5995, 1995, Dec Average, Belarus, BLR
-9.435, 1996, Jan Average, Belarus, BLR
-8.5364, 1996, Feb Average, Belarus, BLR
-3.6475, 1996, Mar Average, Belarus, BLR
7.97638, 1996, Apr Average, Belarus, BLR
15.4922, 1996, May Average, Belarus, BLR
16.3426, 1996, Jun Average, Belarus, BLR
16.7594, 1996, Jul Average, Belarus, BLR
18.4056, 1996, Aug Average, Belarus, BLR
10.1828, 1996, Sep Average, Belarus, BLR
7.99935, 1996, Oct Average, Belarus, BLR
4.91929, 1996, Nov Average, Belarus, BLR
-6.8649, 1996, Dec Average, Belarus, BLR
-6.03, 1997, Jan Average, Belarus, BLR
-1.3426, 1997, Feb Average, Belarus, BLR
0.55006, 1997, Mar Average, Belarus, BLR
4.67731, 1997, Apr Average, Belarus, BLR
12.82, 1997, May Average, Belarus, BLR
16.8431, 1997, Jun Average, Belarus, BLR
18.4585, 1997, Jul Average, Belarus, BLR
18.6309, 1997, Aug Average, Belarus, BLR
11.5941, 1997, Sep Average, Belarus, BLR
5.37782, 1997, Oct Average, Belarus, BLR
1.82072, 1997, Nov Average, Belarus, BLR
-4.8737, 1997, Dec Average, Belarus, BLR
-1.6226, 1998, Jan Average, Belarus, BLR
-0.5247, 1998, Feb Average, Belarus, BLR
-0.319, 1998, Mar Average, Belarus, BLR
8.63728, 1998, Apr Average, Belarus, BLR
13.7898, 1998, May Average, Belarus, BLR
18.0291, 1998, Jun Average, Belarus, BLR
17.6322, 1998, Jul Average, Belarus, BLR
15.8539, 1998, Aug Average, Belarus, BLR
12.5909, 1998, Sep Average, Belarus, BLR
6.5856, 1998, Oct Average, Belarus, BLR
-4.4811, 1998, Nov Average, Belarus, BLR
-5.1799, 1998, Dec Average, Belarus, BLR
-3.1846, 1999, Jan Average, Belarus, BLR
-4.2526, 1999, Feb Average, Belarus, BLR
1.92448, 1999, Mar Average, Belarus, BLR
10.2054, 1999, Apr Average, Belarus, BLR
11.1448, 1999, May Average, Belarus, BLR
20.4559, 1999, Jun Average, Belarus, BLR
20.9613, 1999, Jul Average, Belarus, BLR
17.4001, 1999, Aug Average, Belarus, BLR
14.3503, 1999, Sep Average, Belarus, BLR
7.31474, 1999, Oct Average, Belarus, BLR
-0.2468, 1999, Nov Average, Belarus, BLR
-1.1858, 1999, Dec Average, Belarus, BLR
-4.3204, 2000, Jan Average, Belarus, BLR
-0.5577, 2000, Feb Average, Belarus, BLR
1.32141, 2000, Mar Average, Belarus, BLR
11.544, 2000, Apr Average, Belarus, BLR
13.7849, 2000, May Average, Belarus, BLR
16.4246, 2000, Jun Average, Belarus, BLR
17.1909, 2000, Jul Average, Belarus, BLR
17.5168, 2000, Aug Average, Belarus, BLR
10.9515, 2000, Sep Average, Belarus, BLR
9.2013, 2000, Oct Average, Belarus, BLR
4.34468, 2000, Nov Average, Belarus, BLR
0.14388, 2000, Dec Average, Belarus, BLR
-2.3421, 2001, Jan Average, Belarus, BLR
-3.9707, 2001, Feb Average, Belarus, BLR
-0.2173, 2001, Mar Average, Belarus, BLR
9.56043, 2001, Apr Average, Belarus, BLR
13.1323, 2001, May Average, Belarus, BLR
15.408, 2001, Jun Average, Belarus, BLR
21.7506, 2001, Jul Average, Belarus, BLR
18.6102, 2001, Aug Average, Belarus, BLR
12.5741, 2001, Sep Average, Belarus, BLR
8.60147, 2001, Oct Average, Belarus, BLR
1.14168, 2001, Nov Average, Belarus, BLR
-7.9961, 2001, Dec Average, Belarus, BLR
-3.2417, 2002, Jan Average, Belarus, BLR
1.47955, 2002, Feb Average, Belarus, BLR
3.35957, 2002, Mar Average, Belarus, BLR
8.58837, 2002, Apr Average, Belarus, BLR
15.5584, 2002, May Average, Belarus, BLR
17.3364, 2002, Jun Average, Belarus, BLR
21.6425, 2002, Jul Average, Belarus, BLR
19.6828, 2002, Aug Average, Belarus, BLR
12.6779, 2002, Sep Average, Belarus, BLR
5.06876, 2002, Oct Average, Belarus, BLR
1.86465, 2002, Nov Average, Belarus, BLR
-9.3352, 2002, Dec Average, Belarus, BLR
-5.7719, 2003, Jan Average, Belarus, BLR
-7.0603, 2003, Feb Average, Belarus, BLR
-0.1539, 2003, Mar Average, Belarus, BLR
5.75691, 2003, Apr Average, Belarus, BLR
15.7362, 2003, May Average, Belarus, BLR
16.0089, 2003, Jun Average, Belarus, BLR
20.3088, 2003, Jul Average, Belarus, BLR
17.5623, 2003, Aug Average, Belarus, BLR
12.7434, 2003, Sep Average, Belarus, BLR
5.16276, 2003, Oct Average, Belarus, BLR
2.92988, 2003, Nov Average, Belarus, BLR
-0.9144, 2003, Dec Average, Belarus, BLR
-6.3972, 2004, Jan Average, Belarus, BLR
-3.7812, 2004, Feb Average, Belarus, BLR
1.69717, 2004, Mar Average, Belarus, BLR
7.67435, 2004, Apr Average, Belarus, BLR
11.6161, 2004, May Average, Belarus, BLR
15.4036, 2004, Jun Average, Belarus, BLR
18.0975, 2004, Jul Average, Belarus, BLR
18.7024, 2004, Aug Average, Belarus, BLR
12.9518, 2004, Sep Average, Belarus, BLR
8.1665, 2004, Oct Average, Belarus, BLR
1.01814, 2004, Nov Average, Belarus, BLR
-0.2977, 2004, Dec Average, Belarus, BLR
-2.5351, 2005, Jan Average, Belarus, BLR
-6.2449, 2005, Feb Average, Belarus, BLR
-3.2798, 2005, Mar Average, Belarus, BLR
8.41236, 2005, Apr Average, Belarus, BLR
13.5506, 2005, May Average, Belarus, BLR
15.7178, 2005, Jun Average, Belarus, BLR
19.5651, 2005, Jul Average, Belarus, BLR
17.6797, 2005, Aug Average, Belarus, BLR
14.548, 2005, Sep Average, Belarus, BLR
7.83491, 2005, Oct Average, Belarus, BLR
1.70518, 2005, Nov Average, Belarus, BLR
-2.6307, 2005, Dec Average, Belarus, BLR
-8.6305, 2006, Jan Average, Belarus, BLR
-7.9202, 2006, Feb Average, Belarus, BLR
-2.6463, 2006, Mar Average, Belarus, BLR
7.72015, 2006, Apr Average, Belarus, BLR
13.0074, 2006, May Average, Belarus, BLR
17.1206, 2006, Jun Average, Belarus, BLR
20.4041, 2006, Jul Average, Belarus, BLR
18.1728, 2006, Aug Average, Belarus, BLR
14.4818, 2006, Sep Average, Belarus, BLR
8.94438, 2006, Oct Average, Belarus, BLR
3.14393, 2006, Nov Average, Belarus, BLR
2.36037, 2006, Dec Average, Belarus, BLR
0.33739, 2007, Jan Average, Belarus, BLR
-6.9069, 2007, Feb Average, Belarus, BLR
5.33147, 2007, Mar Average, Belarus, BLR
7.32003, 2007, Apr Average, Belarus, BLR
15.2225, 2007, May Average, Belarus, BLR
18.4743, 2007, Jun Average, Belarus, BLR
18.265, 2007, Jul Average, Belarus, BLR
19.5086, 2007, Aug Average, Belarus, BLR
13.1237, 2007, Sep Average, Belarus, BLR
7.62398, 2007, Oct Average, Belarus, BLR
0.02018, 2007, Nov Average, Belarus, BLR
-1.145, 2007, Dec Average, Belarus, BLR
-2.8695, 2008, Jan Average, Belarus, BLR
0.34022, 2008, Feb Average, Belarus, BLR
2.48298, 2008, Mar Average, Belarus, BLR
9.57822, 2008, Apr Average, Belarus, BLR
12.4563, 2008, May Average, Belarus, BLR
16.6793, 2008, Jun Average, Belarus, BLR
18.6258, 2008, Jul Average, Belarus, BLR
18.631, 2008, Aug Average, Belarus, BLR
12.3387, 2008, Sep Average, Belarus, BLR
9.1748, 2008, Oct Average, Belarus, BLR
2.57973, 2008, Nov Average, Belarus, BLR
-1.0491, 2008, Dec Average, Belarus, BLR
-4.452, 2009, Jan Average, Belarus, BLR
-3.5176, 2009, Feb Average, Belarus, BLR
0.67573, 2009, Mar Average, Belarus, BLR
9.18746, 2009, Apr Average, Belarus, BLR
13.153, 2009, May Average, Belarus, BLR
16.469, 2009, Jun Average, Belarus, BLR
19.0514, 2009, Jul Average, Belarus, BLR
16.9933, 2009, Aug Average, Belarus, BLR
14.595, 2009, Sep Average, Belarus, BLR
6.27888, 2009, Oct Average, Belarus, BLR
3.80134, 2009, Nov Average, Belarus, BLR
-3.8728, 2009, Dec Average, Belarus, BLR
-11.23, 2010, Jan Average, Belarus, BLR
-4.7293, 2010, Feb Average, Belarus, BLR
0.40896, 2010, Mar Average, Belarus, BLR
8.79575, 2010, Apr Average, Belarus, BLR
15.1381, 2010, May Average, Belarus, BLR
18.4136, 2010, Jun Average, Belarus, BLR
21.9949, 2010, Jul Average, Belarus, BLR
20.5233, 2010, Aug Average, Belarus, BLR
12.4663, 2010, Sep Average, Belarus, BLR
4.90499, 2010, Oct Average, Belarus, BLR
4.61317, 2010, Nov Average, Belarus, BLR
-6.8804, 2010, Dec Average, Belarus, BLR
-3.9752, 2011, Jan Average, Belarus, BLR
-7.8384, 2011, Feb Average, Belarus, BLR
-0.2032, 2011, Mar Average, Belarus, BLR
9.06044, 2011, Apr Average, Belarus, BLR
13.9869, 2011, May Average, Belarus, BLR
18.8571, 2011, Jun Average, Belarus, BLR
20.2861, 2011, Jul Average, Belarus, BLR
18.0611, 2011, Aug Average, Belarus, BLR
14.0294, 2011, Sep Average, Belarus, BLR
6.89497, 2011, Oct Average, Belarus, BLR
2.37339, 2011, Nov Average, Belarus, BLR
1.05506, 2011, Dec Average, Belarus, BLR
-4.7565, 2012, Jan Average, Belarus, BLR
-10.457, 2012, Feb Average, Belarus, BLR
1.40515, 2012, Mar Average, Belarus, BLR
8.8809, 2012, Apr Average, Belarus, BLR
15.1262, 2012, May Average, Belarus, BLR
16.4589, 2012, Jun Average, Belarus, BLR
20.7315, 2012, Jul Average, Belarus, BLR
17.9356, 2012, Aug Average, Belarus, BLR
14.0384, 2012, Sep Average, Belarus, BLR
7.53375, 2012, Oct Average, Belarus, BLR
3.95661, 2012, Nov Average, Belarus, BLR
-5.823, 2012, Dec Average, Belarus, BLR
-6.888, 2013, Jan Average, Belarus, BLR
-1.9636, 2013, Feb Average, Belarus, BLR
-3.9186, 2013, Mar Average, Belarus, BLR
7.45443, 2013, Apr Average, Belarus, BLR
16.8306, 2013, May Average, Belarus, BLR
19.2408, 2013, Jun Average, Belarus, BLR
18.878, 2013, Jul Average, Belarus, BLR
18.3867, 2013, Aug Average, Belarus, BLR
12.0897, 2013, Sep Average, Belarus, BLR
8.53544, 2013, Oct Average, Belarus, BLR
4.88359, 2013, Nov Average, Belarus, BLR
-0.0619, 2013, Dec Average, Belarus, BLR
-6.7306, 2014, Jan Average, Belarus, BLR
-0.9223, 2014, Feb Average, Belarus, BLR
5.21861, 2014, Mar Average, Belarus, BLR
9.25614, 2014, Apr Average, Belarus, BLR
14.7805, 2014, May Average, Belarus, BLR
15.8324, 2014, Jun Average, Belarus, BLR
20.7299, 2014, Jul Average, Belarus, BLR
18.8239, 2014, Aug Average, Belarus, BLR
13.5275, 2014, Sep Average, Belarus, BLR
6.81478, 2014, Oct Average, Belarus, BLR
1.54069, 2014, Nov Average, Belarus, BLR
-2.4484, 2014, Dec Average, Belarus, BLR
-1.5417, 2015, Jan Average, Belarus, BLR
-1.2068, 2015, Feb Average, Belarus, BLR
4.06986, 2015, Mar Average, Belarus, BLR
7.78484, 2015, Apr Average, Belarus, BLR
13.1599, 2015, May Average, Belarus, BLR
17.4563, 2015, Jun Average, Belarus, BLR
18.8222, 2015, Jul Average, Belarus, BLR
20.1222, 2015, Aug Average, Belarus, BLR
15.1039, 2015, Sep Average, Belarus, BLR
5.82763, 2015, Oct Average, Belarus, BLR
3.79636, 2015, Nov Average, Belarus, BLR
1.50142, 2015, Dec Average, Belarus, BLR
-7.3382, 2016, Jan Average, Belarus, BLR
0.91179, 2016, Feb Average, Belarus, BLR
2.19525, 2016, Mar Average, Belarus, BLR
9.15009, 2016, Apr Average, Belarus, BLR
15.1409, 2016, May Average, Belarus, BLR
18.541, 2016, Jun Average, Belarus, BLR
19.704, 2016, Jul Average, Belarus, BLR
18.5092, 2016, Aug Average, Belarus, BLR
14.1206, 2016, Sep Average, Belarus, BLR
5.50153, 2016, Oct Average, Belarus, BLR
0.38323, 2016, Nov Average, Belarus, BLR
-1.5843, 2016, Dec Average, Belarus, BLR
